exercise_id,exercise_name,difficulty_score,level,equipment,muscle_group,muscles_worked,mechanics,force,preparation,execution
EX001,Neck Flexion,2,Beginner,Cable,Neck,Sternocleidomastoid,Isolated,Pull,Sit on bench facing away from middle pulley. Place neck in harness cable attachment. Place arms on lower thighs for support.,Move head away from pulley by bending neck forward until chin touches upper chest. Return head by hyperextending neck and repeat.
EX002,Neck Flexion,2,Beginner,Lever (plate loaded),Neck,Sternocleidomastoid,Isolated,Pull,Sit on seat in machine. Position padded lever on face. Position body so neck is in line with lever axis. Grasp handles for support.,Move head forward by flexing neck until chin touches upper chest. Return head by hyperextending neck and repeat.
EX003,Lateral Neck Flexion,2,Beginner,Lever (plate loaded),Neck,"Sternocleidomastoid, Levator Scapulae",Isolated,Pull,Sit on seat in machine with feet apart . Position padded lever on side of head. Center body so neck is in line with lever axis. Grasp handles for support.,Move head down to side by laterally flexing neck. Return head to opposite side and repeat. Sit in machine backwards and continue with opposite side.
EX004,Neck Flexion,2,Beginner,Lever (selectorized),Neck,Sternocleidomastoid,Isolated,Pull,Sit on seat in machine. Position padded lever on face. Position body so neck is in line with lever axis. Grasp handles for support.,Move head forward by flexing neck until chin touches upper chest. Return head by hyperextending neck and repeat.
EX005,Lateral Neck Flexion,2,Beginner,Lever (selectorized),Neck,"Sternocleidomastoid, Levator Scapulae",Isolated,Pull,Sit on seat in machine with feet apart. Position side of head on padded lever. Center body so neck is in line with lever axis. Grasp handles for support.,Move head down to side by laterally flexing neck. Return head to opposite side and repeat. Sit in machine backwards and continue with opposite side.
EX006,Neck Flexion,2,Beginner,Weighted,Neck,Sternocleidomastoid,Isolated,Pull,Place folded towel on weight plate. Lie supine perpendicular on bench with low back and hips extending off and feet on floor. Place weight and towel on forehead. Place plates on forehead with towel placed in between for comfort.,Move head up by flexing neck until chin touches upper chest. Return by hyperextending neck and repeat.
EX007,Lateral Neck Flexion,2,Beginner,Weighted,Neck,"Sternocleidomastoid, Levator Scapulae",Isolated,Pull,Place folded towel on weight plate. Lie on bench on side with knees and hips bent and arm hanging over edge. Position weight and towel on side of upper head. Hold weight on side of head with hand of upper arm. Place hand of lower arm on floor for support.,Move head up to side by laterally flexing neck. Lower head to opposite side and repeat. Lie on other side and continue.
EX008,Wall Front Neck Bridge,3,Intermediate,Body Weight,Neck,"Sternocleidomastoid, Upper Trapezius",Isolated,Push,"Place small or folded cushioned mat on wall or column approximately chest height. With hands supporting mat on each side, stand back so feet are away from wall or column with body leaning forward. Place top of forehead on mat. Fold hands behind low back or hips.",Roll down onto forehead until nose touches mat. Roll up onto top of head until chin touches upper chest. Repeat.
EX009,Wall Side Neck Bridge,3,Intermediate,Body Weight,Neck,"Sternocleidomastoid, Upper Trapezius",Isolated,Pull,"Place small or folded cushioned mat on column or at end of wall approximately shoulder height. With hands supporting mat, stand with side toward mat. Step far to side so feet are away from wall or column forward. Place side of head on mat with shoulder extending over end of adjacent side of column or wall so body leans to side. Fold hands behind low back or hips.",Push side of head into mat and roll onto top of head moving body away from mat. Return to original position by rolling back down to side of head while bringing shoulder back over end of column or wall. Repeat.
EX010,Neck Flexion,2,Beginner,Suspension Straps,Neck,Sternocleidomastoid,Isolated,Pull,Place belt or strap around end of suspension trainer. Face away from suspension trainer with belt in hand. Place belt around head above ears and clamp belt snugly around head by tightly gripping ends close to back of mid-head. Step forward until suspension trainer is taut. Lean forward at angle against support of belt and suspension trainer by stepping back slightly while keeping head and body straight.,Increase angle of body by bowing head until chin touches upper chest. Lower angle of body by raising head. Repeat.
EX011,Lateral Neck Flexion,2,Beginner,Suspension Straps,Neck,"Sternocleidomastoid, Levator Scapulae",Isolated,Pull,Place belt or strap around end of suspension trainer. Hold belt in hand and stand away from suspension trainer so it hangs to one side. Place belt around head above ears and clamp belt snugly around head by tightly gripping ends close to head above ear closest to suspension trainer. Step further away from suspension trainer until it is taut. Lean away at angle against support of belt and suspension trainer by positioning feet closer to side of suspension trainer while keeping head and body straight.,Lower angle of body by tilting head to side of suspension trainer. Increase angle of body by tilting head away from side of suspension trainer. Repeat and continue in opposite position.
EX012,Neck Extension,2,Beginner,Cable,Neck,"Splenius, Upper Trapezius",Isolated,Pull,Sit on bench facing pulley. Place neck in harness cable attachment. Place forearms on lower thighs for support.,Move head away from pulley by hyperextending neck. Return by bending neck forward until chin touches upper chest. Repeat.
EX013,Neck Extension,2,Beginner,Lever (plate loaded),Neck,"Splenius, Upper Trapezius",Isolated,Pull,Sit on seat in machine. Place back of head under padded lever. Position body so neck is in line with lever axis. Grasp handles for support.,Move head back by hyperextending neck. Return by bending neck forward until chin touches upper chest. Repeat.
EX014,Neck Extension,2,Beginner,Lever (selectorized),Neck,"Splenius, Upper Trapezius",Isolated,Pull,Sit on seat in machine. Place back of head under padded lever. Position body so neck is in line with lever axis. Grasp handles for support.,Move head back by hyperextending neck. Return by bending neck forward until chin touches upper chest. Repeat.
EX015,Seated Neck Extension,2,Beginner,Weighted,Neck,"Splenius, Upper Trapezius",Isolated,Pull,"Place folded towel on weight plate. On bench or stool, sit bent over on thighs. With both hands, place plate(s) on back of head with towel placed in between for comfort.",Move head up by hyperextending neck up as high as possible. Return by bending neck down until chin touches upper chest. Repeat.
EX016,Seated Neck Extension: Harness,3,Intermediate,Weighted,Neck,"Splenius, Upper Trapezius",Isolated,Pull,Sit on bench with weighted neck harness on head. Allow weight to dangle in front by bending over.,Move head up by hyperextending neck. Return by bending neck down until chin touches upper chest. Repeat.
EX017,Neck Retraction,1,Beginner,Resistance Band,Neck,"Splenius, Upper Trapezius",Isolated,Pull,Sit on bench with weighted neck harness on head. Allow weight to dangle in front by bending over.,Move head up by hyperextending neck. Return by bending neck down until chin touches upper chest. Repeat.
EX018,Wall Rear Neck Bridge,3,Intermediate,Body Weight,Neck,"Splenius, Upper Trapezius, Erector Spinae",Isolated,Pull,Hold small or folded cushioned mat behind head. Facing away from wall or column position head and back of shoulders low on wall or column with mat between. Stand with feet far away from wall or column so body is angled back. Position hips and back straight and bend knees just slightly. Place arms to side or hold hands on abdomen.,Push head back into mat and roll head upward. Arch spine and straighten knees. Hyperextend neck so head is facing up. Return to original position by rolling head down while allowing low back to straighten and knees to bend slightly. Continue down until back of head and shoulders make contact with mat. Repeat.
EX019,Lying Neck Retraction,1,Beginner,Body Weight,Neck,"Splenius, Upper Trapezius",Isolated,Pull,Lie supine on mat.,Push head into mat and hold position. Relax and repeat.
EX020,Neck Extension,2,Beginner,Suspension Straps,Neck,"Splenius, Upper Trapezius",Isolated,Pull,Place belt or strap around end of suspension trainer. Place belt around head above ears and clamp belt snugly around head by tightly gripping ends close to forehead. Step back facing direction of suspension trainer until it is taut. Lean back at angle against support of belt and suspension trainer by stepping forward slightly while keeping head and body straight.,Lower angle of body by bowing head until chin is near upper chest. Increase angle of body by raising head. Repeat.
EX021,Front Raise,2,Beginner,Barbell,Shoulder,"Anterior Deltoid, Serratus Anterior",Isolated,Push,Grasp barbell with overhand grip with elbows straight or slightly bent.,Raise barbell forward and upward until upper arms are above horizontal. Lower and repeat.
EX022,Military Press,4,Advanced,Barbell,Shoulder,"Anterior Deltoid, Lateral Deltoid, Triceps Brachii",Compound,Push,"Grasp barbell from rack orcleanbarbell from floor with overhand grip, slightly wider than shoulder width. Position bar in front of neck.",Press bar upward until arms are extended overhead. Lower to front of neck and repeat.
EX023,Military Press: Seated,3,Intermediate,Barbell,Shoulder,"Anterior Deltoid, Lateral Deltoid, Triceps Brachii",Compound,Push,Grasp barbell with slightly wider than shoulder width overhand grip from rack. Position bar near upper chest.,Press bar upward until arms are extended overhead. Return to upper chest and repeat.
EX024,Front Raise,2,Beginner,Cable,Shoulder,"Anterior Deltoid, Serratus Anterior",Isolated,Push,Sit on seat above twin cable pulleys. Grasp stirrups on each side. Sit upright with arms straight down to each side with palms facing back.,Raise stirrups forward and upward until upper arms are well above horizontal. Lower and repeat.
EX025,Front Raise: Alternating,2,Beginner,Cable,Shoulder,"Anterior Deltoid, Serratus Anterior",Isolated,Push,"Stand with low double pulleys behind. Grasp stirrup attachments, one in each hand. Stand away from pulley slightly with arms back somewhat at side and elbows straight or slightly bent.","Raise one stirrup forward and upward until upper arm is well above horizontal. Lower and repeat with opposite arm, alternating between arms."
EX026,Front Raise: One Arm,2,Beginner,Cable,Shoulder,"Anterior Deltoid, Serratus Anterior",Isolated,Push,Grasp stirrup attachment. Stand away from pulley slightly with arm back somewhat at side and elbow straight or slightly bent.,Raise stirrup forward and upward until upper arm is well above horizontal. Lower and repeat. Repeat with opposite arm.
EX027,Shoulder Press,3,Intermediate,Cable,Shoulder,"Anterior Deltoid, Lateral Deltoid, Triceps Brachii",Compound,Push,Stand between two low to medium height pulleys. Grasp cable stirrups from each side. Position stirrups to each side of shoulders with elbows down to sides and stirrups above or slightly narrower than elbows.,Push stirrups upward until arms are extended overhead. Return stirrups to sides of shoulders and repeat.
EX028,Shoulder Press: Seated,3,Intermediate,Cable,Shoulder,"Anterior Deltoid, Lateral Deltoid, Triceps Brachii",Compound,Push,Sit on seat and grasp stirrups from low to medium low position from each side. Position stirrups to each side of shoulders with elbows down to sides and stirrups above or slightly narrower than elbows.,Push stirrups upward until arms are extended overhead. Return stirrups to sides of shoulders and repeat.
EX029,Arnold Press,4,Advanced,Dumbbell,Shoulder,"Anterior Deltoid, Lateral Deltoid, Triceps Brachii",Compound,Push,"Stand with two dumbbells position in front of shoulders, palms facing body and elbows under wrists.",Initiate movement by bringing elbows out to sides. Continue to raise elbows outward while pressing dumbbells overhead until arms are straight. Lower to front of shoulders in opposite pattern and repeat.
EX030,Front Raise,2,Beginner,Dumbbell,Shoulder,"Anterior Deltoid, Serratus Anterior",Isolated,Push,Grasp dumbbells in both hands. Position dumbbells in front of upper legs with elbows straight or slightly bent.,Raise dumbbells forward and upward until upper arms are above horizontal. Lower and repeat.
EX031,Front Raise: Alternating,2,Beginner,Dumbbell,Shoulder,"Anterior Deltoid, Serratus Anterior",Isolated,Push,Grasp dumbbells in both hands. Position dumbbells in front of upper legs with elbows straight or slightly bent.,"Raise one dumbbell forward and upward with palms positioned downward until upper arm is above horizontal. Lower and repeat with opposite arm, alternating between arms."
EX032,Shoulder Press,3,Intermediate,Dumbbell,Shoulder,"Anterior Deltoid, Lateral Deltoid, Triceps Brachii",Compound,Push,Position dumbbells to each side of shoulders with elbows below wrists.,Press dumbbells upward until arms are extended overhead. Lower to sides of shoulders and repeat.
EX033,Shoulder Press: One Arm,3,Intermediate,Dumbbell,Shoulder,"Anterior Deltoid, Lateral Deltoid, Triceps Brachii",Compound,Push,Stand with dumbbells positioned near shoulder with elbow below wrists.,Press dumbbell upward until arm is extended overhead. Lower to side of shoulder and repeat.
EX034,Military Press,4,Advanced,Lever (plate loaded),Shoulder,"Anterior Deltoid, Lateral Deltoid, Triceps Brachii",Compound,Push,Set and grasp lever handles to each side with overhand grip.,Press lever until arms are extended upward. Lower and repeat.
EX035,Reclined Shoulder Press,3,Intermediate,Lever (plate loaded),Shoulder,"Anterior Deltoid, Lateral Deltoid, Triceps Brachii",Compound,Push,Lie on back pad facing up. Grasp lever handles on each side with overhand grip.,Press lever until arms are extended. Lower and repeat.
EX036,Shoulder Press,3,Intermediate,Lever (plate loaded),Shoulder,"Anterior Deltoid, Lateral Deltoid, Triceps Brachii",Compound,Push,Set and grasp lever handles to each side with overhand grip.,Press lever upward until arms are extended overhead. Lower and repeat.
EX037,Reclined Shoulder Press,3,Intermediate,Lever (selectorized),Shoulder,"Anterior Deltoid, Lateral Deltoid, Triceps Brachii",Compound,Push,Lie on back pad facing up. Grasp lever handles to each side with overhand grip.,Press lever until arms are extended. Lower and repeat.
EX038,Shoulder Press,3,Intermediate,Lever (selectorized),Shoulder,"Anterior Deltoid, Lateral Deltoid, Triceps Brachii",Compound,Push,Set and grasp lever handles to each side with overhand grip.,Press lever upward until arms are extended overhead. Lower and repeat.
EX039,Shoulder Press: Parallel Grip,3,Intermediate,Lever (selectorized),Shoulder,"Anterior Deltoid, Lateral Deltoid, Triceps Brachii",Compound,Push,Sit on seat and grasp parallel bar grips in front of shoulders on each side.,Press lever upward until arms are extended overhead. Lower and repeat.
EX040,Shoulder Press,3,Intermediate,Sled,Shoulder,"Anterior Deltoid, Lateral Deltoid, Triceps Brachii",Compound,Push,Set and grasp lever handles to each side with overhand grip.,Press handles upward until arms are extended overhead. Lower and repeat.
EX041,Shoulder Press,3,Intermediate,Smith,Shoulder,"Anterior Deltoid, Lateral Deltoid, Triceps Brachii",Compound,Push,Sit on bench with bar positioned in front of shoulders. Grasp bar with wide overhand grip. Disengage bar by rotating bar back.,Press bar upward until arms are extended overhead. Lower bar to front of shoulders and repeat.
EX042,Pike Press (between benches),4,Advanced,Body Weight,Shoulder,"Anterior Deltoid, Triceps Brachii",Compound,Push,"Kneel on two benches positioned side by side slightly apart at end nearest head. Place hands on ends of benches. With forefeet on opposite ends of bench, raise rear end high up with arms, back, and knees straight. Adjust feet so they are somewhat close to hands while keeping back and legs straight.",Lower head between ends of benches by bending arms. Push body back up to original position by extending arms. Repeat.
EX043,Pike Press (between benches): Elevated (between benches),5,Advanced,Body Weight,Shoulder,"Anterior Deltoid, Triceps Brachii",Compound,Push,"Stand between two incline benches positioned side by side slightly apart at end nearest head. Place hands on ends of benches and straighten arms. Position forefeet on opposite ends of bench. Raise rear end high up with arms, back, and knees straight.",Lower head between ends of benches by bending arms. Push body back up to original position by extending arms. Repeat.
EX044,Front Raise,2,Beginner,Suspension Straps,Shoulder,"Anterior Deltoid, Serratus Anterior",Isolated,Push,"Grasp suspension handles and momentarily step back until arms are extended forward and straight. While keeping arms straight and shoulders back, step forward so body reclines back behind suspension handles. Position body and legs straight at desired angle, hanging from handles with arms straight and palms facing downward.",Raise arms upward overhead by flexing shoulders with arms straight. Return and lower body back until arms are extended straight forward in original position. Repeat.
EX045,Upright Row,3,Intermediate,Barbell,Shoulder,"Lateral Deltoid, Upper Trapezius",Compound,Pull,Grasp bar with shoulder width or slightly narrower overhand grip.,Pull bar to neck with elbows leading. Allow wrists to flex as bar rises. Lower and repeat.
EX046,Lateral Raise,2,Beginner,Cable,Shoulder,"Lateral Deltoid, Supraspinatus",Isolated,Pull,"With low pulleys to each side, grasp left stirrup with right hand and right stirrup with left hand. Stand upright.","With elbows slightly bent, raise arms to sides until elbows are shoulder height. Lower and repeat."
EX047,Lateral Raise: One Arm,2,Beginner,Cable,Shoulder,"Lateral Deltoid, Supraspinatus",Isolated,Pull,Grasp stirrup cable attachment. Stand facing with side of resting arm toward low pulley. Grasp ballet bar if available.,"With elbow slightly bent, raise arm to side away from low pulley until elbow is shoulder height. Lower and repeat."
EX048,Upright Row,3,Intermediate,Cable,Shoulder,"Lateral Deltoid, Upper Trapezius",Compound,Pull,Grasp cable bar with shoulder width or slightly narrower overhand grip. Stand close to pulley.,Pull bar to neck with elbows leading. Allow wrists to flex as bar rises. Lower and repeat.
EX049,Upright Row: One Arm,3,Intermediate,Cable,Shoulder,"Lateral Deltoid, Upper Trapezius",Compound,Pull,"Grasp stirrup on low pulley with overhand grip. Stand with side of arm with stirup away from pulley machine, arm against front of body. Place other hand on ballet bar or side of pulley column for support.",Pull stirup to front side of shoulder with elbow leading. Allow wrist to flex as stirrup is lifted. Lower and repeat.
EX050,Upright Row: with rope,3,Intermediate,Cable,Shoulder,"Lateral Deltoid, Upper Trapezius",Compound,Pull,"Grasp each side of rope with overhand grip, just under rope ends. Stand close to pulley.",Pull rope ends to front of shoulders with elbows leading. Allow wrists to flex as stirrups are lifted. Lower and repeat.
EX051,Y Raise,3,Intermediate,Cable,Shoulder,"Lateral Deltoid, Posterior Deltoid, Lower Trapezius",Isolated,Pull,"Stand facing between low pulleys medium width apart, grasp left stirrup with right hand and right stirrup with left hand. Step back slightly away from pulleys and stand upright with cables crossed in front of hips.","With elbows slightly bent, raise arms upward and outward to sides in Y configuration until elbows are approximately lateral to each ear. Lower stirrups forward and downward in reverse pattern. Repeat."
EX052,Incline Lateral Raise,3,Intermediate,Dumbbell,Shoulder,"Lateral Deltoid, Supraspinatus",Isolated,Pull,"Grasp dumbbell in one hand. Lie on 30° to 45° incline bench with opposite side of body on incline, arm over top of bench, lower leg positioned on front side of seat, and upper leg on back side of seat. Position dumbbell inside of lower leg, just in front of upper leg.","With elbows slightly bent, raise arms upward and outward to sides in Y configuration until elbows are approximately lateral to each ear. Lower stirrups forward and downward in reverse pattern. Repeat."
EX053,Lateral Raise,2,Beginner,Dumbbell,Shoulder,"Lateral Deltoid, Supraspinatus",Isolated,Pull,Grasp dumbbells in front of thighs with elbows slightly bent. Bend over slightly with hips and knees bent slightly.,Raise upper arms to sides until slightly bent elbows are shoulder height while maintaining elbows' height above or equal to wrists. Lower and repeat.
EX054,Upright Row,3,Intermediate,Dumbbell,Shoulder,"Lateral Deltoid, Upper Trapezius",Compound,Pull,Grasp dumbbells and stand with palms facing front of thighs.,Pull dumbbells to front of shoulder with elbows leading out to sides. Allow wrists to flex as dumbbells rise upward. Lower and repeat.
EX055,Upright Row: One Arm,3,Intermediate,Dumbbell,Shoulder,"Lateral Deltoid, Upper Trapezius",Compound,Pull,Grasp dumbbells with palms facing front of thighs. Position other hand for support.,Pull dumbbell to front of shoulder with elbow leading. Allow wrist to flex as dumbbell rises upward. Lower and repeat. Continue with opposite arm.
EX056,Lateral Raise,2,Beginner,Lever (plate loaded),Shoulder,"Lateral Deltoid, Supraspinatus",Isolated,Pull,Sit in machine. Situate bent arms between padded lever and sides of body.,Raise arms to sides until upper arms are horizontal. Return and repeat.
EX057,Lateral Raise,2,Beginner,Lever (selectorized),Shoulder,"Lateral Deltoid, Supraspinatus",Isolated,Pull,Sit in machine. Situate bent arms between padded lever and sides of body. Grasp handles if available.,Raise arms to sides until upper arms are horizontal. Return and repeat.
EX058,Lateral Raise: other machine,2,Beginner,Lever (selectorized),Shoulder,"Lateral Deltoid, Supraspinatus",Isolated,Pull,Sit in machine. Situate bent arms between padded lever and sides of body. Grasp handles if available.,Raise arms to sides until upper arms are horizontal. Return and repeat.
EX059,Upright Row,3,Intermediate,Smith,Shoulder,"Lateral Deltoid, Upper Trapezius",Compound,Pull,Stand behind bar mid-thigh height. Grasp bar with shoulder width or slightly narrower overhand grip. Disengage bar by rotating bar back and stand upright.,Pull bar to neck with elbows leading. Allow wrists to flex as bar rises. Lower and repeat.
EX060,Y Raise,3,Intermediate,Suspension Straps,Shoulder,"Lateral Deltoid, Posterior Deltoid, Lower Trapezius",Isolated,Pull,"Grasp suspension handles and momentarily step back until arms are extended forward and straight. While keeping arms straight and shoulders back, step forward so body reclines back behind suspension handles. Position body and legs straight at desired angle hanging from handles with arms straight and palms angled inward.",Raise arms upward and outward in shape of a Y while keeping arms straight. Return and lower body back in opposite motion until arms are extended straight forward in original position. Repeat.
EX061,Rear Delt Row,3,Intermediate,Barbell,Shoulder,"Posterior Deltoid, Rhomboids",Compound,Pull,"Bend knees slightly and bend over bar with back straight, approximately horizontal. Grasp bar with wide overhand grip.","Keeping upper arm perpendicular to torso, pull barbell up toward upper chest until upper arms are just beyond horizontal. Return and repeat."
EX062,Reverse Fly,2,Beginner,Cable,Shoulder,"Posterior Deltoid, Middle Trapezius",Isolated,Pull,Stand facing twin pulley cables positioned close together and approximately shoulder height. Grasp stirrup cable attachment in each hand. Step back away from machine so cable is taut. Stand with feet staggered. Point elbows outward with arms straight or slightly bent.,"Pull stirrups out to sides, maintaining stiff elbow position throughout exercise. Return to original position and repeat."
EX063,Rear Delt Row,3,Intermediate,Cable,Shoulder,"Posterior Deltoid, Rhomboids",Compound,Pull,"Sit slightly forward on bench or platform in order to grasp cable bar attachment. With elbow width overhand grip, straighten torso upright and slide hips back until knees are only slightly bent.","Pull cable attachment toward upper chest, just below neck, with elbows up out to sides until elbows travel slightly behind back. Keep upper arms horizontal, perpendicular to trunk. Return until arms are extended and shoulders are stretched forward. Repeat."
EX064,Rear Delt Row: Standing Rear Delt Row (stirrups),3,Intermediate,Cable,Shoulder,"Posterior Deltoid, Rhomboids",Compound,Pull,Stand facing twin pulley cables positioned shoulder height. Grasp stirrup cable attachment in each hand. Step back with one foot so arms and shoulders are positioned straight forward with cable taut. Point elbows outward.,"Pull stirrups out to sides, keeping elbows at shoulder height until elbows travel slightly behind back. Allow wrists to follow elbows. Keep upper arms horizontal, perpendicular to trunk. Return until arms are extended and shoulders are stretched forward. Repeat."
EX065,Rear Lateral Raise,2,Beginner,Cable,Shoulder,"Posterior Deltoid, Middle Trapezius",Isolated,Pull,"Stand with cable columns to each side. Grasp left stirrup with right hand and right stirrup with left hand. Bend knees and bend over at hips, so torso is approximately horizontal with back straight. Point elbows outward with arms slightly bent.",Raise upper arms to sides until elbows are shoulder height. Maintain upper arms perpendicular to torso and slight bend in elbows as arms are raised to sides. Lower and repeat.
EX066,Rear Lateral Raise,2,Beginner,Dumbbell,Shoulder,"Posterior Deltoid, Middle Trapezius",Isolated,Pull,"Grasp dumbbells to each side. Bend knees and bend over through hips with back flat, close to horizontal. Position elbows with slight bend and palms facing together.","Raise upper arms to sides until elbows are shoulder height. Maintain upper arms perpendicular to torso and fixed elbow position (10° to 30° angle) throughout exercise. Maintain height of elbows above wrists by raising ""pinkie finger"" side up. Lower and repeat."
EX067,Rear Delt Row,3,Intermediate,Dumbbell,Shoulder,"Posterior Deltoid, Rhomboids",Compound,Pull,Kneel over side of bench with arm and leg to side. Grasp dumbbell.,Pull dumbbell up out to side with upper arm perpendicular to trunk until upper arm is just beyond horizontal. Lower and repeat.
EX068,Seated Rear Lateral Raise,2,Beginner,Dumbbell,Shoulder,"Posterior Deltoid, Middle Trapezius",Isolated,Pull,Sit on edge of bench with feet placed beyond knees. Bend over and rest torso on thighs. Grasp dumbbells with each hand under legs. Position elbows with slight bend with palms facing together behind ankles (as shown) or just to sides of ankles.,"Raise upper arms to sides until elbows are shoulder height. Maintain upper arms perpendicular to torso and fixed elbow position (10° to 30° angle) throughout exercise. Maintain elbows height above wrists by raising ""pinkie finger"" side up. Lower and repeat."
EX069,Lying Rear Lateral Raise,2,Beginner,Lever (plate loaded),Shoulder,"Posterior Deltoid, Middle Trapezius",Isolated,Pull,Lie on machine with chest against padding. Position arms between padded lever arms with elbows below shoulders.,Pull arms up until elbows are beyond back. Return and repeat.
EX070,Seated Rear Delt Row,3,Intermediate,Lever (plate loaded),Shoulder,"Posterior Deltoid, Rhomboids",Compound,Pull,Place seat at low position. Sit on seat with chest against pad and grasp upper handles.,"Pull lever with elbows up out to sides until upper arms are just beyond parallel, keeping upper arm horizontal, perpendicular to torso. Return and repeat."
EX071,Seated Rear Delt Row: alternative machine,3,Intermediate,Lever (plate loaded),Shoulder,"Posterior Deltoid, Rhomboids",Compound,Pull,Place seat at low position. Sit on seat with chest against pad and grasp upper handles.,"Pull lever with elbows up out to sides until upper arms are just beyond parallel, keeping upper arm horizontal, perpendicular to torso. Return and repeat."
EX072,Lying Rear Lateral Raise,2,Beginner,Lever (selectorized),Shoulder,"Posterior Deltoid, Middle Trapezius",Isolated,Pull,Lie on machine with chest against padding. Position arms between padded lever arms with elbows below shoulders.,Pull arms up until elbows are beyond back. Lower and repeat.
EX073,Seated Rear Delt Row,3,Intermediate,Lever (selectorized),Shoulder,"Posterior Deltoid, Rhomboids",Compound,Pull,Place seat at low position. Sit on seat with chest against pad and grasp upper handles.,"Pull lever with elbows up out to sides until upper arms are just beyond parallel, keeping upper arm horizontal, perpendicular to torso. Return and repeat."
EX074,Seated Reverse Fly,2,Beginner,Lever (selectorized),Shoulder,"Posterior Deltoid, Middle Trapezius",Isolated,Pull,Sit on machine with chest against pad. Grasp parallel handles with thumbs up at shoulder height. Slightly bend elbows and internally rotate shoulders so elbows are also at height of shoulders.,"Keeping elbows pointed high, pull handles apart and to rear until elbows are just behind back. Return and repeat."
EX075,Seated Reverse Fly: pronated grip,2,Beginner,Lever (selectorized),Shoulder,"Posterior Deltoid, Middle Trapezius",Isolated,Pull,Sit in machine with chest against pad. Grasp parallel handles from inside with thumbs down at shoulder height.,"Keeping elbows pointed high, pull handles apart and to rear until elbows are just behind back. Return and repeat."
EX076,Rear Delt Row,3,Intermediate,Smith,Shoulder,"Posterior Deltoid, Rhomboids",Compound,Pull,Stand near low smith bar. Bend knees and bend over bar with back straight. Grasp bar with wide overhand grip. Disengage bar by rotating bar back.,"Keeping upper arm perpendicular to torso, pull bar up toward upper chest until upper arms are just beyond parallel to floor. Return and repeat."
EX077,Rear Delt Inverted Row (high bar),4,Advanced,Body Weight,Shoulder,"Posterior Deltoid, Latissimus Dorsi",Compound,Pull,"Stand facing horizontal bar positioned lower to upper chest height. Step toward bar so chest makes contact. Grasp bar with wide overhand grip. Raise elbows up to shoulder height. Place feet forward on floor so body is reclined back with legs, hips and spine straight.","Lower body while keeping body straight, elbows high, and upper arms perpendicular to torso, until arms are extended straight. Pull shoulders toward bar while keeping elbows up high until upper arms are parallel to one another, or just beyond. Repeat."
EX078,Rear Delt Inverted Row (on hips),4,Advanced,Body Weight,Shoulder,"Posterior Deltoid, Latissimus Dorsi",Compound,Pull,Lay on back with belly under fixed horizontal bar. Bend knees and position feet on floor. Grasp bar with wide overhand grip. Turn elbows outward to sides.,"Keeping hips on floor, low back straight, and elbow pointed out to sides; pull torso up to bar. Return when upper arms are just beyond parallel to one another. Lower body downward until arms are extended straight. Return and repeat."
EX079,Rear Delt Row,3,Intermediate,Suspension Straps,Shoulder,"Posterior Deltoid, Rhomboids",Compound,Pull,"Grasp suspension handles and momentarily step back until arms are extended forward and straight. While keeping arms straight and shoulders back, step forward so body reclines back behind suspension handles.Position body and legs straight at desired angle hanging from handles with arms straight. Internally rotate shoulders so elbows are positioned directly outwards.","Pull body up while keeping elbows pointed directly out to each side and body and legs straight. Pull until elbows are directly lateral to each side without allowing elbows to drop. Return until arms are extended straight and shoulders are stretched forward, maintaining high elbow position. Repeat."
EX080,Reverse Fly,2,Beginner,Suspension Straps,Shoulder,"Posterior Deltoid, Middle Trapezius",Compound,Pull,"Grasp suspension handles and momentarily step back until arms are extended forward and straight. While keeping arms straight and shoulders back, step forward so body reclines back behind suspension handles. Position body and legs straight at desired angle hanging from handles with arms straight. Internally rotate shoulders so elbows are positioned directly outwards with arms straight or slightly bent. Shoulder should be positioned approximately 90° relative to torso position.",Pull handles out to sides while keeping stiff elbow position and maintaining shoulder at 90° plane to torso throughout exercise. Raise up until upper arms are in-line to one another. Return to original position in same plane and repeat.
EX081,Front Lateral Raise,2,Beginner,Cable,Shoulder,"Supraspinatus, Anterior Deltoid, Serratus Anterior",Isolated,Pull,Grasp dumbbell cable attachment. Stand facing side with resting arm toward low pulley. Grasp ballet bar if available for support. Internally rotate shoulders so elbows point out to sides.,"With elbow straight or slightly bent, raise upper arm away from low pulley to side, slightly to front (30°) until upper arm is shoulder height. Lower and repeat. Continue with opposite arm."
EX082,Front Lateral Raise,2,Beginner,Dumbbell,Shoulder,"Supraspinatus, Anterior Deltoid, Serratus Anterior",Isolated,Pull,Grasp dumbbell and position in front of thigh with arm straight. Turn pinkie finger side outward.,"Raise arms to side, slightly to front until shoulder height or slightly higher. Lower and repeat. Continue with opposite arm."
EX083,Full Can Lateral Raise,2,Beginner,Dumbbell,Shoulder,"Supraspinatus, Lateral Deltoid",Isolated,Pull,Grasp dumbbells with each hand with palms facing forward.,Raise arms to side with thumb side up. Lower and repeat.
EX084,Lying Lateral Raise,2,Beginner,Dumbbell,Shoulder,"Lateral Deltoid, Supraspinatus",Isolated,Pull,Lie on side with legs separated for support. Grasp dumbbell in front of thigh.,Raise dumbbell from floor until arm is vertical. Maintain fixed elbow position (10° to 30° angle) throughout exercise. Lower and repeat.
EX085,Triceps Dip,4,Advanced,Assisted,Upper Arms,"Triceps Brachii, Pectoralis Major Sternal, Pectoralis Major Clavicular, Anterior Deltoid",Compound,Push,"Mountshoulder width dip bar, arms straight with shoulders above hands. Step down onto assistance lever. Keep hips and knees straight.",Lower body until slight stretch is felt in shoulders. Push body up until arms are straight. Repeat.
EX086,Triceps Dip: kneeling,3,Intermediate,Assisted,Upper Arms,"Triceps Brachii, Pectoralis Major Sternal, Pectoralis Major Clavicular, Anterior Deltoid",Compound,Push,"Mountshoulder width dip bar, arms straight with shoulders above hands. Kneel on padded platform, lowering it down slightly so hips are slightly bent.",Lower body until slight stretch is felt in shoulders. Push body up until arms are straight. Repeat.
EX087,Close Grip Bench Press,3,Intermediate,Barbell,Upper Arms,"Triceps Brachii, Pectoralis Major Sternal, Pectoralis Major Clavicular, Anterior Deltoid",Compound,Push,Lie on bench and grasp barbell from rack with shoulder width grip.,Lower weight to chest with elbows close to body. Push barbell back up until arms are straight. Repeat.
EX088,Lying Triceps Extension,3,Intermediate,Barbell,Upper Arms,"Triceps Brachii, Anterior Deltoid",Isolated,Push,Lie on bench with narrow overhand grip on barbell. Position barbell over forehead with arms extended.,"Lower bar by bending elbows. As bar nears head, move elbows slightly back just enough to allow bar to clear around curvature of head. Extend arms. As bar clears head, reposition elbows to their former position until arms are fully extended. Repeat."
EX089,Lying Triceps Extension: Skull Crusher,3,Intermediate,Barbell,Upper Arms,"Triceps Brachii, Anterior Deltoid",Isolated,Push,Lie on bench with narrow overhand grip on barbell. Position barbell over shoulders with arms extended.,Lower bar to forehead by bending elbows. Extend arms and repeat.
EX090,Triceps Extension,2,Beginner,Barbell,Upper Arms,"Triceps Brachii, Posterior Deltoid",Isolated,Push,Sit on utility weight bench with barbell. Position barbell overhead with narrow overhand grip.,Lower barbell behind upper shoulders by flexing elbows allowing forearms to travel behind upper arms with elbows remaining overhead. Raise barbell overhead by extending elbows until arms are positioned straight and vertical. Lower and repeat.
EX091,Bent-over Triceps Extension,2,Beginner,Cable,Upper Arms,"Triceps Brachii, Posterior Deltoid",Isolated,Push,Sit on utility weight bench with barbell. Position barbell overhead with narrow overhand grip.,Lower barbell behind upper shoulders by flexing elbows allowing forearms to travel behind upper arms with elbows remaining overhead. Raise barbell overhead by extending elbows until arms are positioned straight and vertical. Lower and repeat.
EX092,Pushdown,2,Beginner,Cable,Upper Arms,"Triceps Brachii, Anterior Deltoid",Isolated,Push,Face high pulley and grasp cable attachment with narrow overhand grip. Position elbows to side.,Extend arms down. Return until forearm is close to upper arm. Repeat.
EX093,Pushdown: One Arm,2,Beginner,Cable,Upper Arms,"Triceps Brachii, Anterior Deltoid",Isolated,Push,Grasp dumbbell cable attachment with underhand grip. Position elbow to side.,Extend arm down. Return until forearm is close to upper arm. Repeat. Continue with opposite arm.
EX094,Pushdown: with back support,2,Beginner,Cable,Upper Arms,"Triceps Brachii, Anterior Deltoid",Isolated,Push,Place back against vertical back support. Grasp cable attachment from high pulley with narrow overhand grip. Position elbows to side.,Extend arms down. Return until forearm is close to upper arm. Repeat.
EX095,Pushdown: with V-bar attachment,2,Beginner,Cable,Upper Arms,"Triceps Brachii, Anterior Deltoid",Isolated,Push,Face high pulley and grasp V-bar attachment with narrow overhand grip. Position elbows to side.,Extend arms down. Return until forearm is close to upper arm. Repeat.
EX096,Triceps Dip,4,Advanced,Cable,Upper Arms,"Triceps Brachii, Pectoralis Major Sternal, Pectoralis Major Clavicular, Anterior Deltoid",Compound,Push,"Step betweenshoulder width dip barswith dip belt around waist. Kneel as close to low pulley and attach cable to dip belt. Stand up and mount dip bar, arms straight with shoulders above hands. Keep hips straight.",Lower body by bending arms until slight stretch is felt in shoulders. Push body up until arms are straight. Repeat.
EX097,Triceps Extension,2,Beginner,Cable,Upper Arms,"Triceps Brachii, Posterior Deltoid",Isolated,Push,Stand or sit on bench or seat with back support just below shoulders. Position cable bar behind neck or shoulders with narrow overhand grip. Position elbows overhead.,Raise cable bar overhead by extending elbows until arms are positioned straight and vertical. Lower cable bar behind neck by flexing elbows allowing forearms to travel behind upper arms with elbows remaining overhead. Repeat.
EX098,Triceps Extension: with rope,2,Beginner,Cable,Upper Arms,"Triceps Brachii, Posterior Deltoid",Isolated,Push,"From low pulley cable, grasp ends of rope attachment just under enlarged ends. Raise one arm over head while turning body away from pulley. Face away from pulley with feet staggered. Position ends of ropes behind head or neck and elbows upward over head.",Raise ends of rope overhead by extending forearms until arms are straight. Lower rope attachment until forearms are against upper arms. Repeat.
EX099,Kickback,2,Beginner,Dumbbell,Upper Arms,"Triceps Brachii, Posterior Deltoid",Isolated,Push,Kneel over bench with arm supporting body. Grasp dumbbell. Position upper arm parallel to floor.,Extend arm until it is straight. Return and repeat. Continue with opposite arm.
EX100,Lying Triceps Extension,3,Intermediate,Dumbbell,Upper Arms,"Triceps Brachii, Anterior Deltoid",Isolated,Push,Lie on bench and position dumbbells over head with arms extended.,Lower dumbbells by bending elbow until they are to sides of head. Extend arm. Repeat.
EX101,One Arm Triceps Extension (on bench),2,Beginner,Dumbbell,Upper Arms,"Triceps Brachii, Posterior Deltoid",Isolated,Push,Position dumbbell behind neck with elbow positioned upward.,Extend arm until straight while maintaining upper arm's vertical position throughout exercise. Return until dumbbell is behind neck or shoulder and repeat. Continue with opposite arm.
EX102,Triceps Extension,2,Beginner,Dumbbell,Upper Arms,"Triceps Brachii, Posterior Deltoid",Isolated,Push,Position one dumbbell over head with both hands under inner plate (heart shaped grip).,"With elbows over head, lower forearm behind upper arm by flexing elbows. Flex wrists at bottom to avoid hitting dumbbell on back of neck. Raise dumbbell over head by extending elbows while hyperextending wrists. Return and repeat."
EX103,Close Grip Bench Press,3,Intermediate,Lever (plate loaded),Upper Arms,"Triceps Brachii, Pectoralis Major Sternal, Pectoralis Major Clavicular, Anterior Deltoid",Compound,Push,Lie on bench with lever handles above sides of chest. Grasp handles with narrow overhand grip just above each side of chest.,"With elbows over head, lower forearm behind upper arm by flexing elbows. Flex wrists at bottom to avoid hitting dumbbell on back of neck. Raise dumbbell over head by extending elbows while hyperextending wrists. Return and repeat."
EX104,Triceps Extension,2,Beginner,Lever (plate loaded),Upper Arms,"Triceps Brachii, Posterior Deltoid",Isolated,Push,"Sit on seat. Place forearms on lever pad and back of upper arms, parallel on padding with elbows in line with lever's fulcrum.",Push lever down until arms are fully extended. Return and repeat.
EX105,Triceps Dip,4,Advanced,Lever (plate loaded),Upper Arms,"Triceps Brachii, Pectoralis Major Sternal, Pectoralis Major Clavicular, Anterior Deltoid",Compound,Push,"Sit upright on seat. If possible, place handles in narrow position. Grasp handles.",Push levers down with elbows pointing back. Allow lever bar to raise until shoulders are slightly stretched. Repeat.
EX106,Triceps Dip,4,Advanced,Lever (selectorized),Upper Arms,"Triceps Brachii, Pectoralis Major Sternal, Pectoralis Major Clavicular, Anterior Deltoid",Compound,Push,"If possible, place handles in narrow position. Sit on seat with back against pad. Grasp handles and position elbows back.",Push levers down by straightening arms downward. Allow lever bar to raise with elbows pointing back until shoulders are slightly stretched. Repeat.
EX107,Triceps Dip: alternative machine,4,Advanced,Lever (selectorized),Upper Arms,"Triceps Brachii, Pectoralis Major Sternal, Pectoralis Major Clavicular, Anterior Deltoid",Compound,Push,"If possible, place handles in narrow position. Sit on seat with legs under pads. Grasp handles and position elbows back.",Push levers down by straightening arms downward. Allow lever bar to raise with elbows pointing back until shoulders are slightly stretched. Repeat.
EX108,Triceps Extension,2,Beginner,Lever (selectorized),Upper Arms,"Triceps Brachii, Posterior Deltoid",Isolated,Push,Sit on seat. Grasp handles and place back of upper arms parallel on padding with elbows approximately in line with lever's fulcrum.,Push lever down until arms are fully extended. Return until forearms contact upper arms. Repeat.
EX109,Triceps Extension: with preacher pad New!,3,Intermediate,Lever (selectorized),Upper Arms,"Triceps Brachii, Anterior Deltoid",Isolated,Push,Sit on seat. Grasp handles and place back of upper arms parallel on padding with elbows approximately in line with lever's fulcrum.,Push lever down until arms are fully extended. Return until forearms contact upper arms. Repeat.
EX110,Standing Triceps Dip,3,Intermediate,Sled,Upper Arms,"Triceps Brachii, Pectoralis Major Sternal, Pectoralis Major Clavicular, Anterior Deltoid",Isolated,Push,Sit on seat. Grasp handles and place back of upper arms parallel on padding with elbows approximately in line with lever's fulcrum.,Push lever down until arms are fully extended. Return until forearms contact upper arms. Repeat.
EX111,Close Grip Bench Press,3,Intermediate,Smith,Upper Arms,"Triceps Brachii, Pectoralis Major Sternal, Pectoralis Major Clavicular, Anterior Deltoid",Compound,Push,Lie on bench with bar above chest and grasp bar with shoulder width or slightly narrower grip. Disengage bar by rotating bar back.,Lower weight to chest with elbows close to body. Push bar back up until arms are straight. Repeat.
EX112,Bench Dip,3,Intermediate,Weighted,Upper Arms,"Triceps Brachii, Pectoralis Major Sternal, Pectoralis Major Clavicular, Anterior Deltoid",Compound,Push,"Sit on inside of one of two benches placed parallel, slightly less than leg's length away. Place hands on edge of bench. Straighten arms, slide rear end off of edge of bench and position heels on adjacent bench with legs straight. Have assistant place weight on lap near hips.","Lower body by bending arms until slight stretch is felt in chest or shoulder, or rear end touches floor. Raise body and repeat."
EX113,Triceps Dip,4,Advanced,Weighted,Upper Arms,"Triceps Brachii, Pectoralis Major Sternal, Pectoralis Major Clavicular, Anterior Deltoid",Compound,Push,"Place weight on dip belt around waist or place dumbbell between lower legs just above feet. Mountshoulder width dip bar, arms straight with shoulders above hands. Keep hips straight.",Lower body until slight stretch is felt in shoulders. Push body up until arms are straight. Repeat.
EX114,Triceps Dip,4,Advanced,Resistance Band,Upper Arms,"Triceps Brachii, Pectoralis Major Sternal, Pectoralis Major Clavicular, Anterior Deltoid",Compound,Push,"Place weight on dip belt around waist or place dumbbell between lower legs just above feet. Mountshoulder width dip bar, arms straight with shoulders above hands. Keep hips straight.",Lower body until slight stretch is felt in shoulders. Push body up until arms are straight. Repeat.
EX115,Bench Dip,3,Intermediate,Body Weight,Upper Arms,"Triceps Brachii, Pectoralis Major Sternal, Pectoralis Major Clavicular, Anterior Deltoid",Compound,Push,"Sit on inside of one of two benches placed parallel, slightly less than leg's length away. Place hands on edge of bench, straighten arms, slide rear end off of bench, and position heels on adjacent bench with legs straight.","Lower body by bending arms until slight stretch is felt in chest or shoulder, or rear end touches floor. Raise body and repeat."
EX116,Bench Dip: heel on floor,2,Beginner,Body Weight,Upper Arms,"Triceps Brachii, Pectoralis Major Sternal, Pectoralis Major Clavicular, Anterior Deltoid",Compound,Push,"Sit on side of bench. Place hands on edge of bench. Position feet away from bench. Straighten arms, slide rear end off of edge of bench, and rest heels on floor with legs straight.","Lower body by bending arms until slight stretch is felt in chest or shoulder, or rear end touches floor. Raise your body and repeat."
EX117,Close Grip Push-up,3,Intermediate,Body Weight,Upper Arms,"Triceps Brachii, Pectoralis Major Sternal, Pectoralis Major Clavicular, Anterior Deltoid",Compound,Push,Lie prone with forefeet on floor and hands under shoulders or slightly narrower. Position body up off floor with extended arms and body straight.,"Keeping body straight, lower body to floor by bending arms. Push body up until arms are extended. Repeat."
EX118,Close Grip Push-up: on knees,2,Beginner,Body Weight,Upper Arms,"Triceps Brachii, Pectoralis Major Sternal, Pectoralis Major Clavicular, Anterior Deltoid",Compound,Push,Lie prone on floor with hands under shoulders or slightly narrower. Position body up off floor with extended arms and body straight.,"Keeping body straight, lower body to floor by bending arms. Push body up until arms are extended. Repeat."
EX119,Close Grip Push-up: Incline on bar,3,Intermediate,Body Weight,Upper Arms,"Triceps Brachii, Pectoralis Major Sternal, Pectoralis Major Clavicular, Anterior Deltoid",Compound,Push,Grasp horizontal bar (lower than chest height) with hands shoulder width or slightly narrower. Position forefeet back from bar with arms and body straight. Arms should be perpendicular to body.,"Keeping body straight, lower chest to bar by bending arms. Push body up until arms are extended. Repeat."
EX120,Triceps Dip,4,Advanced,Body Weight,Upper Arms,"Triceps Brachii, Pectoralis Major Sternal, Pectoralis Major Clavicular, Anterior Deltoid",Compound,Push,"Mountshoulder width dip bar, arms straight with shoulders above hands. Keep hips straight.",Lower body until slight stretch is felt in shoulders. Push body up until arms are straight. Repeat.
EX121,Triceps Extension,2,Beginner,Suspension Straps,Upper Arms,"Triceps Brachii, Posterior Deltoid",Isolated,Push,"Grasp handles and step forward between suspension trainers. Position arms downward and slightly forward, nearly parallel with suspension straps. Lean forward, placing upper body weight onto handles with arms straight, while stepping back onto forefeet so body is leaning forward at desired angle. Straighten body, so torso is in-line with legs.","Lower body by bending elbows, allowing head to travel between suspension handles. Raise body up and back up until arms are extended. Repeat."
EX122,Triceps Dip,4,Advanced,Self-assisted,Upper Arms,"Triceps Brachii, Pectoralis Major Sternal, Pectoralis Major Clavicular, Anterior Deltoid",Compound,Push,"Stand on bench or elevation between parallel bars. Mountshoulder width dip bar, arms straight with shoulders above hands. Bend knees and place toes on bench or elevation behind and below body.","Lower body by bending arms back. If necessary, use minimal assistance of lower body to control descent, allowing knees to bend, keeping toes in contact with bench or elevation. When slight stretch is felt in chest or shoulders push body up until arms are straight. Repeat with minimal assistance from legs."
EX123,Curl,2,Beginner,Barbell,Upper Arms,"Biceps Brachii, Brachialis, Brachioradialis",Isolated,Pull,Grasp bar with shoulder width underhand grip.,"With elbows to side, raise bar until forearms are vertical. Lower until arms are fully extended. Repeat."
EX124,Alternating Curl,2,Beginner,Cable,Upper Arms,"Biceps Brachii, Brachialis, Brachioradialis",Isolated,Pull,"Stand between or facing double low pulleys. Grasp stirrups to each side, palms facing forward.","Pull one stirrup up forward and upward toward shoulder while keeping elbow stationary. Return until arm is fully extended. Repeat on other arm, alternating between sides."
EX125,Curl,2,Beginner,Cable,Upper Arms,"Biceps Brachii, Brachialis, Brachioradialis",Isolated,Pull,Grasp low pulley cable bar with shoulder width underhand grip. Stand close to pulley.,"With elbows to side, raise bar until forearms are vertical. Lower until arms are fully extended. Repeat."
EX126,Curl: with stirrups,2,Beginner,Cable,Upper Arms,"Biceps Brachii, Brachialis, Brachioradialis",Isolated,Pull,"Stand between or facing double low pulleys. Grasp stirrups to each side, palms facing forward.",Pull stirrups forward and upward toward shoulders while keeping elbows stationary. Return until arms are fully extended. Repeat.
EX127,Curl: One Arm Curl,2,Beginner,Cable,Upper Arms,"Biceps Brachii, Brachialis, Brachioradialis",Isolated,Pull,Face low pulley and grasp stirrup cable attachment to one side with underhand grip.,"With elbow to side, raise bar until forearms are vertical. Lower until arms are fully extended. Repeat. Continue with opposite arm."
EX128,Curl,2,Beginner,Dumbbell,Upper Arms,"Biceps Brachii, Brachialis, Brachioradialis",Isolated,Pull,"Position two dumbbells to sides, palms facing in, arms straight.","With elbows to sides, raise one dumbbell and rotate forearm until forearm is vertical and palm faces shoulder. Lower to original position and repeat with opposite arm. Continue to alternate between sides."
EX129,Incline Curl,3,Intermediate,Dumbbell,Upper Arms,"Biceps Brachii, Brachialis, Brachioradialis",Isolated,Pull,"Sit back on 45-60 degree incline bench. With arms hanging down straight, position two dumbbells with palms facing inward.","With elbows back to sides, raise one dumbbell and rotate forearm until forearm is vertical and palm faces shoulder. Lower to original position and repeat with opposite arm. Continue to alternate between sides."
EX130,Curl,2,Beginner,Lever (selectorized),Upper Arms,"Biceps Brachii, Brachialis, Brachioradialis",Isolated,Pull,Sit on seat and grasp handles with underhand grip.,Raise lever handles until elbows are fully flexed with back of upper arm remaining on pad. Lower handles until arm is fully extended. Repeat.
EX131,Inverted Biceps Row,3,Intermediate,Body Weight,Upper Arms,"Biceps Brachii, Latissimus Dorsi, Brachialis",Compound,Pull,Lay on back under fixed horizontal bar. Grasp bar with shoulder width underhand grip.,"Keeping body straight, pull body up to bar. Return until arms are extended and shoulders are stretched forward. Repeat."
EX132,Preacher Curl,3,Intermediate,Barbell,Upper Arms,"Brachialis, Brachioradialis",Isolated,Pull,Sit on preacher bench placing back of arms on pad. Grasp curl bar with shoulder width underhand grip.,Raise bar until forearms are vertical. Lower barbell until arms are fully extended. Repeat.
EX133,Prone Incline Curl,3,Intermediate,Barbell,Upper Arms,"Brachialis, Brachioradialis",Isolated,Pull,"Lie prone on incline bench with shoulders near top of incline. Knees can rest on seat or legs can be straddled to sides. From low rack or partner, grasp curl bar with shoulder width underhand grip.",Raise bar until arms are flexed. Lower barbell until arms are fully extended. Repeat.
EX134,Concentration Curl,2,Beginner,Cable,Upper Arms,"Brachialis, Brachioradialis",Isolated,Pull,"Facing low pulley cable, sit on seat or bench with legs apart to each side. Grasp stirrup attachment. Place upper arm against inner thigh.",Pull stirrup to front of shoulder until elbow is completely flexed. Lower stirrup until arm is fully extended. Repeat. Continue with opposite arm.
EX135,Preacher Curl,3,Intermediate,Cable,Upper Arms,"Brachialis, Brachioradialis",Isolated,Pull,Sit on preacher bench placing back of arms on pad. Grasp cable bar with shoulder width underhand grip.,Raise cable bar toward shoulders. Lower cable bar until arms are fully extended. Repeat.
EX136,Preacher Curl: Stirrups,3,Intermediate,Cable,Upper Arms,"Brachialis, Brachioradialis",Isolated,Pull,Grasp cable stirrups with each hand. Sit on preacher bench placing back of arms on pad with palms up.,Raise both stirrups upward toward shoulders. Lower stirrups until arm is fully extended. Repeat.
EX137,Concentration Curl,2,Beginner,Dumbbell,Upper Arms,"Brachialis, Brachioradialis",Isolated,Pull,Sit on bench. Grasp dumbbell between feet. Place back of upper arm to inner thigh. Lean into leg to raise elbow slightly.,Raise dumbbell to front of shoulder. Lower dumbbell until arm is fully extended. Repeat. Continue with opposite arm.
EX138,Preacher Curl,3,Intermediate,Dumbbell,Upper Arms,"Brachialis, Brachioradialis",Isolated,Pull,"Grasp dumbbell and sit on preacher bench. With arm bent and palm facing shoulder, place back of arm down on pad.",Lower dumbbell until arm is fully extended. Raise dumbbell until forearm is vertical. Repeat. Continue with opposite arm.
EX139,Preacher Curl,3,Intermediate,Lever (plate loaded),Upper Arms,"Brachialis, Brachioradialis",Isolated,Pull,Sit on curl machine placing back of arms on pad. Grasp lever handles with underhand grip. Align elbows at same pivot point as fulcrum of lever.,Raise lever handles toward shoulders. Lower handles until arms are fully extended. Repeat.
EX140,Preacher Curl: arms high,3,Intermediate,Lever (plate loaded),Upper Arms,"Brachialis, Brachioradialis",Isolated,Pull,Sit on curl machine. Grasp lever handles with underhand grip. Align elbows at same pivot point as fulcrum of lever while placing back of arms up on pads.,Pull lever handles toward shoulders. Return handles until arms are fully extended. Repeat.
EX141,Preacher Curl,3,Intermediate,Lever (selectorized),Upper Arms,"Brachialis, Brachioradialis",Isolated,Pull,Sit on curl machine placing back of arms on pad. Grasp lever handles with underhand grip. Align elbows at same pivot point as fulcrum of lever.,Raise lever handles toward shoulders. Lower handles until arms are fully extended. Repeat.
EX142,Preacher Curl: arms high,3,Intermediate,Lever (selectorized),Upper Arms,"Brachialis, Brachioradialis",Isolated,Pull,Sit on curl machine. Grasp lever handles with underhand grip. Align elbows at same pivot point as fulcrum of lever while placing back of arms up on pads.,Pull lever handles toward shoulders. Return handles until arms are fully extended. Repeat.
EX143,Arm Curl,2,Beginner,Suspension Straps,Upper Arms,"Brachialis, Brachioradialis",Isolated,Pull,"Grasp suspension handles and momentarily step back until arms are extended forward and straight. While keeping arms straight and shoulders back, step forward so body is reclined back. Position palms up or slightly inward.","Keeping body straight, bring handles toward top of shoulders by flexing arms, while keeping elbows pointed forward. Return by straightening arms and repeat."
EX144,Reverse Curl,2,Beginner,Barbell,Forearm,"Brachioradialis, Brachialis",Isolated,Pull,Grasp bar with shoulder width overhand grip.,"With elbows to side, raise bar until forearms are vertical. Lower until arms are fully extended. Repeat."
EX145,Hammer Curl,2,Beginner,Cable,Forearm,"Brachioradialis, Brachialis",Isolated,Pull,Grasp cable rope with palms facing inward. Stand upright with arms straight down to sides.,"With elbows to side, raise rope forward and upward with both arms until forearms are vertical. Lower until arms are fully extended. Repeat."
EX146,Reverse Curl,2,Beginner,Cable,Forearm,"Brachioradialis, Brachialis",Isolated,Pull,Grasp cable bar with shoulder width overhand grip.,"With elbows to side, raise bar until forearms are vertical. Lower until arms are fully extended. Repeat."
EX147,Hammer Curl,2,Beginner,Dumbbell,Forearm,"Brachioradialis, Brachialis",Isolated,Pull,"Position two dumbbells to sides, palms facing in, arms straight.","With elbows to sides, raise one dumbbell until forearm is vertical and thumb faces shoulder. Lower to original position and repeat with alternative arm."
EX148,Reverse Curl,2,Beginner,Lever (selectorized),Forearm,"Brachioradialis, Brachialis",Isolated,Pull,Sit on seat and grasp handles with overhand grip. Position elbows to sides so they are in line with lever's fulcrum.,Raise lever handles until elbows are fully flexed with back of upper arm remaining on pad. Lower handles until arm is fully extended. Repeat.
EX149,Wrist Curl,1,Beginner,Barbell,Forearm,"Wrist Flexors, Brachioradialis",Isolated,Pull,Sit and grasp bar with narrow to shoulder width underhand grip. Rest forearms on thighs with wrists just beyond knees.,Allow barbell to roll out of palms down to fingers. Raise barbell back up by gripping and pointing knuckles up as high as possible. Lower and repeat.
EX150,Wrist Curl,1,Beginner,Cable,Forearm,"Wrist Flexors, Brachioradialis",Isolated,Pull,Sit and grasp cable bar with narrow to shoulder width underhand grip. Rest forearms on thighs with wrists just beyond knees.,Allow cable bar to roll out of palms down to fingers. Raise cable bar back up by gripping and pointing knuckles up as high as possible. Lower and repeat.
EX151,Wrist Curl,1,Beginner,Dumbbell,Forearm,"Wrist Flexors, Brachioradialis",Isolated,Pull,Sit and grasp dumbbell with underhand grip. Rest forearm on thigh with wrist just beyond knee.,Allow dumbbell to roll out of palm down to fingers. Raise dumbbell back up by gripping and pointing knuckles up as high as possible. Lower and repeat.
EX152,Grip,1,Beginner,Lever (plate loaded),Forearm,"Wrist Flexors, Brachioradialis",Isolated,Pull,"Sit on seat, straddling apparatus. Grasp lever handles on each side; fingers around lever handles and base of thumbs around stationary bars.",Squeeze bars together with both hands until lower lever makes contact with upper bars. Lower to original position and repeat.
EX153,Wrist Curl,1,Beginner,Lever (plate loaded),Forearm,"Wrist Flexors, Brachioradialis",Isolated,Pull,Grasp bar with underhand grip. Place forearm on padded platform.,Raise bar up until wrist is fully flexed. Lower and repeat.
EX154,Grip,1,Beginner,Lever (selectorized),Forearm,"Wrist Flexors, Brachioradialis",Isolated,Pull,Sit on seat. Grasp lever handles on each side; fingers around lever handles and base of thumbs around stationary bars.,Squeeze bars together with both hands until lever makes contact with stationary bars. Lower to original position and repeat.
EX155,Wrist Curl,1,Beginner,Lever (selectorized),Forearm,"Wrist Flexors, Brachioradialis",Isolated,Pull,Grasp bar with underhand grip to each side. Place forearms on arm pads.,Raise handles up until wrist is fully flexed. Lower handles until wrists are full hyperextended. Repeat.
EX156,One Hand Grip,2,Beginner,Sled,Forearm,"Wrist Flexors, Brachioradialis",Isolated,Pull,Grasp bar with underhand grip to each side. Place forearms on arm pads.,Raise handles up until wrist is fully flexed. Lower handles until wrists are full hyperextended. Repeat.
EX157,One Hand,2,Beginner,Sled,Forearm,"Wrist Flexors, Brachioradialis",Isolated,Pull,Bend over and grasp bar grips with one hand; fingers under lower bar and base of thumb over top stationary bar.,Squeeze bar grips together until lower bar makes contact with upper bar. Release to original position and repeat.
EX158,Reverse Wrist Curl,1,Beginner,Barbell,Forearm,"Wrist Extensors, Brachioradialis",Isolated,Pull,Sit and grasp bar with narrow to shoulder width overhand grip. Rest forearms on thighs with wrists just beyond knees.,Raise barbell by pointing knuckles upward as high as possible. Return until knuckles are pointing downward as far as possible. Repeat.
EX159,Reverse Wrist Curl,1,Beginner,Cable,Forearm,"Wrist Extensors, Brachioradialis",Isolated,Pull,Sit and grasp cable bar with narrow to shoulder width overhand grip. Rest forearms on thighs with wrists just beyond knees.,Raise stirrup by pointing knuckles upward as high as possible. Return until knuckles are pointing downward as far as possible. Repeat.
EX160,Reverse Wrist Curl,1,Beginner,Dumbbell,Forearm,"Wrist Extensors, Brachioradialis",Isolated,Pull,Sit and grip dumbbell with overhand grip. Rest forearm on thigh with wrist just beyond knee.,Raise dummbell by pointing knuckles upward as high as possible. Return until knuckles are pointing downward as far as possible. Repeat.
EX161,Reverse Wrist Curl,1,Beginner,Lever (plate loaded),Forearm,"Wrist Extensors, Brachioradialis",Isolated,Pull,Grasp bar with overhand grip. Place forearm on padded platform.,Raise bar until wrist is fully hyperextended and return until wrist is fully flexed. Repeat.
EX162,Reverse Wrist Curl,1,Beginner,Lever (selectorized),Forearm,"Wrist Extensors, Brachioradialis",Isolated,Pull,Grasp handles with overhand grip to each side. Place forearms on arm pads.,Raise handles until wrist is fully hyperextended. Lower handles until wrists are fully flexed. Repeat.
EX163,Seated Pronation,1,Beginner,Dumbbell,Forearm,"Pronators, Brachioradialis",Isolated,Push,"Sit next to elevated surface, approximately arm pit height. With hand of upper arm, grasp unilaterally loaded dumbbell; pinkie positioned near weighted side. Bend elbow approximately 90-degrees and place upperarm on elevated surface. Position thumb upward (supinated).",Rotate dumbbell so thumb turns downward (pronation). Return and repeat.
EX164,Seated Pronation,1,Beginner,Lever (selectorized),Forearm,"Pronators, Brachioradialis",Isolated,Push,Sit on seat. Grasp rotating handles with underhand grip on each side and place forearms on pads.,Rotate shafts by turning palm downward. Return and repeat.
EX165,Seated Supination,1,Beginner,Dumbbell,Forearm,"Supinator, Biceps Brachii",Isolated,Pull,"Sit next to elevated surface, approximately arm pit height. With hand of arm next to elevated surface, grasp unilaterally loaded dumbbell; thumb next to side with weight. Bend elbow approximately 90-degrees and place upperarm on elevated surface. Position thumb downward (pronated).",Rotate dumbbell so thumb turns upward (supination). Return and repeat.
EX166,Seated Supination,1,Beginner,Lever (selectorized),Forearm,"Supinator, Biceps Brachii",Isolated,Pull,Sit on seat. Grasp rotating handles with overhand grip on each side and place forearms on pads.,Rotate shafts by turning palm upward. Return and repeat.
EX167,Bent-over Row,3,Intermediate,Barbell,Back,"Latissimus Dorsi, Lower Trapezius, Rhomboids, Middle Trapezius, Biceps Brachii, Trapezius",Compound,Pull,Bend knees slightly and bend over bar with back straight. Grasp bar with wide overhand grip.,Pull bar to upper waist. Return until arms are extended and shoulders are stretched downward. Repeat.
EX168,Bent-over Row: Underhand,3,Intermediate,Barbell,Back,"Latissimus Dorsi, Lower Trapezius, Rhomboids, Middle Trapezius, Biceps Brachii, Trapezius",Compound,Pull,Bend knees slightly and bend over bar with back straight. Grasp bar with underhand grip.,Pull bar to waist. Return until arms are extended and shoulders are stretched downward. Repeat.
EX169,One Arm Bent-over Row,3,Intermediate,Cable,Back,"Latissimus Dorsi, Lower Trapezius, Rhomboids, Middle Trapezius, Biceps Brachii, Trapezius",Compound,Pull,"Grasp cable stirrup. Step back away from pulley, with foot on same side as exercising arm, positioned out to side well behind forward foot. Bend over with hand on nearby bar or above knee for support. Keep back straight and knees slightly bent. Allow shoulder with stirrup to be pulled forward.","Pull cable attachment to side of torso, pulling shoulder back. Return until arm is extended and shoulder is stretched forward. Repeat. Continue with opposite arm."
EX170,One Arm Straight Back Seated High Row,3,Intermediate,Cable,Back,"Latissimus Dorsi, Lower Trapezius, Rhomboids, Middle Trapezius, Biceps Brachii, Trapezius",Compound,Pull,Sit on seat or bench. Bend forward and grasp cable stirrup with one hand. Position torso upright allowing shoulder to be pulled forward under weight on cable.,"Pull cable attachment to side of torso while pulling shoulder back, arching spine, and pushing chest forward. Return until arm is extended and shoulder is pulled forward. Repeat. Continue with opposite arm."
EX171,Seated Row,2,Beginner,Cable,Back,"Latissimus Dorsi, Lower Trapezius, Rhomboids, Middle Trapezius, Biceps Brachii, Trapezius",Compound,Pull,Sit slightly forward on seat or bench in order to grasp cable attachment. Place feet on vertical platform. Slide hips back positioning knees with slight bend.,"Pull cable attachment to waist while straightening lower back. Pull shoulders back and push chest forward while arching back. Return until arms are extended, shoulders are stretched forward, and lower back is flexed forward. Repeat."
EX172,Seated Row: Straight Back,2,Beginner,Cable,Back,"Latissimus Dorsi, Lower Trapezius, Rhomboids, Middle Trapezius, Biceps Brachii, Trapezius",Compound,Pull,Sit slightly forward on bench with feet on foot bar or vertical platform. Grasp close grip cable attachment. Straighten torso upright and slide hips back so knees are slightly bent.,"Pull cable attachment to waist. Pull shoulders back and lift chest by arching back. Return until arms are extended, back is straight, and shoulders are stretched forward. Repeat."
EX173,Seated Wide Grip Row,2,Beginner,Cable,Back,"Latissimus Dorsi, Lower Trapezius, Rhomboids, Middle Trapezius, Trapezius",Compound,Pull,"Sit slightly forward on platform in order to grasp cable attachment. With awider than shoulder width grip, slide hips back positioning knees with slight bend.","Pull cable attachment to waist while pulling torso upright. Pull shoulders back and push chest forward while arching back. Return until arms are extended, shoulders are stretched forward, and lower back is flexed forward. Repeat."
EX174,Seated Wide Grip Row: Straight Back,2,Beginner,Cable,Back,"Latissimus Dorsi, Lower Trapezius, Rhomboids, Middle Trapezius, Trapezius",Compound,Pull,"Sit slightly forward on bench or platform in order to grasp cable bar attachment. With wider than shoulder width overhand grip, straighten torso upright and slide hips back until knees are only slightly bent.","Pull cable attachment to waist. Pull shoulders back and lift chest by arching back. Return until arms are extended, back is straight, and shoulders are stretched forward. Repeat."
EX175,Bent-over Row,3,Intermediate,Dumbbell,Back,"Latissimus Dorsi, Lower Trapezius, Rhomboids, Middle Trapezius, Biceps Brachii, Trapezius",Compound,Pull,Kneel over side of bench by placing knee and hand of supporting arm on bench. Position foot of opposite leg slightly back to side. Grasp dumbbell from floor.,Pull dumbbell to up to side until it makes contact with ribs or until upper arm is just beyond horizontal. Return until arm is extended and shoulder is stretched downward. Repeat and continue with opposite arm.
EX176,Lying Row,2,Beginner,Dumbbell,Back,"Latissimus Dorsi, Lower Trapezius, Rhomboids, Middle Trapezius, Biceps Brachii, Trapezius",Compound,Pull,Lie chest down on elevated bench. Grasp dumbbells below.,Pull dumbbells to sides until upper arm is just beyond horizontal or height of back. Return until arms are extended and shoulders are stretched downward. Repeat.
EX177,Incline Row,3,Intermediate,Lever (plate loaded),Back,"Latissimus Dorsi, Lower Trapezius, Rhomboids, Middle Trapezius, Biceps Brachii, Trapezius",Compound,Pull,Lie chest on inclined platform and grasp lever handles with overhand grip.,Pull lever up as high as possible. Return until arms are extended and shoulders are stretched downward. Repeat.
EX178,Incline Row: Close Grip,3,Intermediate,Lever (plate loaded),Back,"Latissimus Dorsi, Lower Trapezius, Rhomboids, Middle Trapezius, Biceps Brachii, Brachialis, Trapezius",Compound,Pull,Lie chest on inclined platform and grasp lever close grip handles.,Pull lever up as high as possible. Return until arms are extended and shoulders are stretched downward. Repeat.
EX179,Seated Rows,2,Beginner,Lever (plate loaded),Back,"Latissimus Dorsi, Lower Trapezius, Rhomboids, Middle Trapezius, Biceps Brachii, Trapezius",Compound,Pull,Sit on seat and position chest against pad. Grasp lever handles with underhand grip.,Pull levers back until elbows are behind back and shoulders are pulled back. Return until arms are extended and shoulders are stretched forward. Repeat.
EX180,Seated Rows: Narrow Grip,2,Beginner,Lever (plate loaded),Back,"Latissimus Dorsi, Lower Trapezius, Rhomboids, Middle Trapezius, Biceps Brachii, Brachialis, Trapezius",Compound,Pull,Sit on seat and position chest against pad. Grasp lever handles with underhand grip.,Pull levers back until elbows are behind back and shoulders are pulled back. Return until arms are extended and shoulders are stretched forward. Repeat.
EX181,Seated Rows: Wide Grip Low Bar,2,Beginner,Lever (plate loaded),Back,"Latissimus Dorsi, Lower Trapezius, Rhomboids, Middle Trapezius, Trapezius",Compound,Pull,Sit on seat and position chest against pad. Grasp lever handles with underhand grip.,Pull levers back until elbows are behind back and shoulders are pulled back. Return until arms are extended and shoulders are stretched forward. Repeat.
EX182,Seated Rows (Others),2,Beginner,Lever (plate loaded),Back,"Latissimus Dorsi, Lower Trapezius, Rhomboids, Middle Trapezius, Biceps Brachii, Trapezius",Compound,Pull,Sit on seat and position chest against pad. Grasp lever handles with overhand/neutral grip.,Pull levers back until elbows are behind back and shoulders are pulled back. Return until arms are extended and shoulders are stretched forward. Repeat.
EX183,Seated Rows (Others): Seated Low Row,2,Beginner,Lever (plate loaded),Back,"Latissimus Dorsi, Lower Trapezius, Rhomboids, Middle Trapezius, Biceps Brachii, Trapezius",Compound,Pull,Sit on seat and position chest against pad. Grasp lever handles with overhand/neutral grip.,Pull levers back until elbows are behind back and shoulders are pulled back. Return until arms are extended and shoulders are stretched forward. Repeat.
EX184,Seated Rows (Others): Seated High Row,2,Beginner,Lever (plate loaded),Back,"Latissimus Dorsi, Lower Trapezius, Rhomboids, Middle Trapezius, Biceps Brachii, Trapezius",Compound,Pull,Sit on seat and position chest against pad. Grasp lever handles with overhand grip.,Pull lever back until elbows are behind back and shoulders are pulled back. Return until arms are extended and shoulders are stretched forward. Repeat.
EX185,T-bar Row,3,Intermediate,Lever (plate loaded),Back,"Latissimus Dorsi, Biceps Brachii, Trapezius, Rhomboids",Compound,Pull,Sit on seat and position chest against pad. Grasp lever handles with overhand grip.,Pull lever back until elbows are behind back and shoulders are pulled back. Return until arms are extended and shoulders are stretched forward. Repeat.
EX186,T-bar Row: Close grip,3,Intermediate,Lever (plate loaded),Back,"Latissimus Dorsi, Lower Trapezius, Rhomboids, Middle Trapezius, Biceps Brachii, Brachialis, Trapezius",Compound,Pull,Sit on seat and position chest against pad. Grasp lever handles with overhand grip.,Pull lever back until elbows are behind back and shoulders are pulled back. Return until arms are extended and shoulders are stretched forward. Repeat.
EX187,Seated Row,2,Beginner,Lever (selectorized),Back,"Latissimus Dorsi, Lower Trapezius, Rhomboids, Middle Trapezius, Biceps Brachii, Trapezius",Compound,Pull,Sit on seat and position chest against pad. Push foot lever if available. Grasp narrower parallel grip handles.,Pull lever back until elbows are behind back and shoulders are pulled back. Return until arms are extended and shoulders are stretched forward. Repeat.
EX188,Seated Row: Wide Grip,2,Beginner,Lever (selectorized),Back,"Latissimus Dorsi, Lower Trapezius, Rhomboids, Middle Trapezius, Trapezius",Compound,Pull,Sit on seat and position chest against pad. Grasp outer lever handles with overhand grip.,Pull lever back until elbows are behind back and shoulders are pulled back. Return until arms are extended and shoulders are stretched forward. Repeat.
EX189,Seated Row (no chest pad),3,Intermediate,Lever (selectorized),Back,"Latissimus Dorsi, Lower Trapezius, Rhomboids, Middle Trapezius, Biceps Brachii, Trapezius",Compound,Pull,Sit on seat and grasp handles with each hand. Place feet on vertically angled platform. Slide hips back with knees slightly bent.,"Pull handles to waist while straightening torso upright. Pull shoulders back and push chest forward while arching back. Return until arms are extended, shoulders are stretched forward, and lower back is flexed forward. Repeat."
EX190,Seated Row (no chest pad): Straight Back,3,Intermediate,Lever (selectorized),Back,"Latissimus Dorsi, Lower Trapezius, Rhomboids, Middle Trapezius, Biceps Brachii, Trapezius",Compound,Pull,Sit on seat and grasp handles with each hand. Place feet on vertically angled platform. Slide hips back with knees slightly bent.,"Pull handles to waist while straightening torso upright. Pull shoulders back and push chest forward while arching back. Return until arms are extended, shoulders are stretched forward, and lower back is flexed forward. Repeat."
EX191,Underhand Seated Row,2,Beginner,Lever (selectorized),Back,"Latissimus Dorsi, Lower Trapezius, Rhomboids, Middle Trapezius, Biceps Brachii, Brachialis, Trapezius",Compound,Pull,Sit on seat and position chest against pad. Grasp lever handles with underhand grip.,Pull levers back until elbows are behind back and shoulders are pulled back. Return until arms are extended and shoulders are stretched forward. Repeat.
EX192,Bent-over Row,3,Intermediate,Smith,Back,"Latissimus Dorsi, Lower Trapezius, Rhomboids, Middle Trapezius, Biceps Brachii, Trapezius",Compound,Pull,Sit on seat and position chest against pad. Grasp lever handles with underhand grip.,Pull levers back until elbows are behind back and shoulders are pulled back. Return until arms are extended and shoulders are stretched forward. Repeat.
EX193,Inverted Row,3,Intermediate,Weighted,Back,"Latissimus Dorsi, Lower Trapezius, Rhomboids, Middle Trapezius, Biceps Brachii, Trapezius",Compound,Pull,Sit on seat and position chest against pad. Grasp lever handles with underhand grip.,Pull levers back until elbows are behind back and shoulders are pulled back. Return until arms are extended and shoulders are stretched forward. Repeat.
EX194,Inverted Row,3,Intermediate,Body Weight,Back,"Latissimus Dorsi, Lower Trapezius, Rhomboids, Middle Trapezius, Biceps Brachii, Trapezius",Compound,Pull,Lay on back under fixed horizontal bar. Grasp bar with wide overhand grip.,"Keeping body straight, pull body up to bar. Pull shoulders back at top of movement with chest high. Return until arms are extended and shoulders are stretched forward. Repeat."
EX195,Inverted Row: Feet Elevated,4,Advanced,Body Weight,Back,"Latissimus Dorsi, Lower Trapezius, Rhomboids, Middle Trapezius, Biceps Brachii, Trapezius",Compound,Pull,Lay on back under fixed horizontal bar. Grasp bar with wide overhand grip. Place back of heels on elevated surface.,"Keeping body straight, pull body up to bar. Pull shoulders back at top of movement with chest high. Return until arms are extended and shoulders are stretched forward. Repeat."
EX196,Inverted Row: High Bar,3,Intermediate,Body Weight,Back,"Latissimus Dorsi, Lower Trapezius, Rhomboids, Middle Trapezius, Biceps Brachii, Trapezius",Compound,Pull,"Stand facing arms length away from waist to head height horizontal bar. Grasp bar with wide overhand grip. Position body under bar with legs, hips and spine straight. Arms should be straight, approximately perpendicular to body. Heels should make contact with floor.","Keeping body straight, pull body up to bar. Pull shoulders back at top of movement with chest high. Return until arms are extended and shoulders are stretched forward. Repeat."
EX197,Inverted Row: On Hips,3,Intermediate,Body Weight,Back,"Latissimus Dorsi, Lower Trapezius, Rhomboids, Middle Trapezius, Biceps Brachii, Trapezius",Compound,Pull,Lay on back with belly under fixed horizontal bar. Bend knees and position feet on floor. Grasp bar with wide overhand grip.,"Keeping hips on floor and low back straight, pull torso up to bar. Pull shoulders back at top of movement with chest high. Return until arms are extended and shoulders are stretched forward. Repeat."
EX198,Inverted Row,3,Intermediate,Suspension Straps,Back,"Latissimus Dorsi, Lower Trapezius, Rhomboids, Middle Trapezius, Biceps Brachii, Trapezius",Compound,Pull,"Position suspension handles higher than arms' length above floor. Sit on floor and grasp handles. Position body supine hanging from handles with arms straight, shoulders under handles, body straight, and back of heels on floor.",Pull body up so sides of chest make contact with handles while keeping body straight. Pull shoulders back at top of movement with chest high. Return until arms are extended straight and shoulders are stretched forward. Repeat.
EX199,Inverted Row: One Arm,4,Advanced,Suspension Straps,Back,"Latissimus Dorsi, Lower Trapezius, Rhomboids, Middle Trapezius, Biceps Brachii, Trapezius",Compound,Pull,"Position suspension handles higher than arms' length above floor. Sit on floor and grasp handles. Position body supine hanging from handles with arms straight, shoulders under handles, body straight, and back of heels on floor.",Pull body up so sides of chest make contact with handles while keeping body straight. Pull shoulders back at top of movement with chest high. Return until arms are extended straight and shoulders are stretched forward. Repeat.
EX200,Row,2,Beginner,Suspension Straps,Back,"Latissimus Dorsi, Lower Trapezius, Rhomboids, Middle Trapezius, Biceps Brachii, Trapezius",Compound,Pull,"Grasp suspension handles and momentarily step back until arms are extended forward and straight. While keeping arms straight and shoulders back, step forward so body reclines back behind suspension handles. Position body and legs straight at desired angle, hanging from handles with arms straight.",Pull body up so sides of chest make contact with handles while keeping body and legs straight. Pull shoulders back at top of movement with chest high. Return until arms are extended straight and shoulders are stretched forward. Repeat.
EX201,Row: One Arm,3,Intermediate,Suspension Straps,Back,"Latissimus Dorsi, Lower Trapezius, Rhomboids, Middle Trapezius, Biceps Brachii, Trapezius",Compound,Pull,"Grasp suspension handles and momentarily step back until arms are extended forward and straight. While keeping arms straight and shoulders back, step forward so body reclines back behind suspension handles. Position body and legs straight at desired angle, hanging from handles with arms straight.",Pull body up so sides of chest make contact with handles while keeping body and legs straight. Pull shoulders back at top of movement with chest high. Return until arms are extended straight and shoulders are stretched forward. Repeat.
EX202,Pull-up (open-centered bar),4,Advanced,Assisted,Back,"Latissimus Dorsi, Teres Major, Lower Trapezius, Rhomboids, Biceps Brachii, Trapezius",Compound,Pull,Step up and grasp bar with wide overhand grip. Kneel on padded platform and lower body down with arm extended.,Pull body up until neck reaches height of hands. Lower body until arms and shoulders are fully extended. Repeat.
EX203,Pull-up (open-centered bar): Standing,4,Advanced,Assisted,Back,"Latissimus Dorsi, Teres Major, Lower Trapezius, Rhomboids, Biceps Brachii, Trapezius",Compound,Pull,Step up and grasp bar with wide overhand grip. Step down onto assistance lever or platform.,Pull body up until neck reaches height of hands. Lower body until arms and shoulders are fully extended. Repeat.
EX204,Parallel Close Grip Pull-up,4,Advanced,Assisted,Back,"Latissimus Dorsi, Teres Major, Lower Trapezius, Rhomboids, Biceps Brachii, Brachialis, Trapezius",Compound,Pull,Step up and grasp parallel grips. Kneel on padded platform and lower body down with arm extended.,Pull body up until elbows are to sides. Lower body until arms and shoulders are fully extended. Repeat.
EX205,Pullover,2,Beginner,Barbell,Back,"Latissimus Dorsi, Teres Major, Lower Trapezius, Rhomboids, Pectoralis Major Sternal, Pectoralis Major Clavicular",Isolated,Pull,Lie upper back perpendicular on bench. Flex hips slightly. Grasp barbell from behind and position over chest with elbows bent slightly.,"With elbows bent slightly, lower bar over and beyond head until shoulders are fully flexed or upper arms are approximately parallel to torso. Return and repeat."
EX206,Bent-over Pullover,3,Intermediate,Cable,Back,"Latissimus Dorsi, Teres Major, Lower Trapezius, Rhomboids, Pectoralis Major Sternal, Pectoralis Major Clavicular",Isolated,Pull,Face high pulley and grasp revolving cable attachment with arm slightly bent. Place one foot slightly back and bend over at hip until shoulder is fully flexed (upper arms at sides of head).,"With elbows fixed approximately 30°, pull cable attachment down until upper arms are to sides. Return attachment overhead. Repeat."
EX207,Close Grip Pulldown,2,Beginner,Cable,Back,"Latissimus Dorsi, Teres Major, Lower Trapezius, Rhomboids, Biceps Brachii, Brachialis, Trapezius",Compound,Pull,Grasp parallel cable attachment. Sit with thighs under supports.,Pull down cable attachment to upper chest. Return until arms and shoulders are fully extended. Repeat.
EX208,Pulldown,2,Beginner,Cable,Back,"Latissimus Dorsi, Teres Major, Lower Trapezius, Rhomboids, Biceps Brachii, Trapezius",Compound,Pull,Grasp cable bar with wide grip. Sit with thighs under supports.,Pull down cable bar to upper chest. Return until arms and shoulders are fully extended. Repeat.
EX209,Pulldown: Parallel Grip Pulldown,2,Beginner,Cable,Back,"Latissimus Dorsi, Teres Major, Lower Trapezius, Rhomboids, Biceps Brachii, Brachialis, Trapezius",Compound,Pull,Grasp cable bar with wide grip. Sit with thighs under supports.,Pull down cable bar to upper chest. Return until arms and shoulders are fully extended. Repeat.
EX210,Pullup/Chinup,4,Advanced,Cable,Back,"Latissimus Dorsi, Teres Major, Lower Trapezius, Rhomboids, Biceps Brachii, Trapezius",Compound,Pull,Place dip belt around waist. Kneel close to low pulley or lever and attach hook to dip belt chains. Step up and grasp bars with shoulder width underhand grip. Lift legs off of steps or floor.,Pull body up until elbow are to sides. Lower body until arms and shoulders are fully extended. Repeat.
EX211,Pullup/Chinup: Chinup,4,Advanced,Cable,Back,"Latissimus Dorsi, Teres Major, Lower Trapezius, Rhomboids, Biceps Brachii, Brachialis, Trapezius",Compound,Pull,Place dip belt around waist. Kneel close to low pulley or lever and attach hook to dip belt chains. Step up and grasp bars with shoulder width underhand grip. Lift legs off of steps or floor.,Pull body up until elbow are to sides. Lower body until arms and shoulders are fully extended. Repeat.
EX212,Pullup/Chinup: Parallel Close Grip Pull-up,4,Advanced,Cable,Back,"Latissimus Dorsi, Teres Major, Lower Trapezius, Rhomboids, Biceps Brachii, Brachialis, Trapezius",Compound,Pull,Place dip belt around waist. Kneel as close as possible to low pulley or lever and attach hook to dip belt in front between legs. Step up and grasp close grip p arallel bars with hands facing inward. Lift legs off of steps or floor.,Pull body up until elbow are to sides. Lower body until arms and shoulders are fully extended. Repeat.
EX213,Pullup/Chinup: Parallel Grip Pull-up,4,Advanced,Cable,Back,"Latissimus Dorsi, Teres Major, Lower Trapezius, Rhomboids, Biceps Brachii, Brachialis, Trapezius",Compound,Pull,Place dip belt around waist. Kneel as close as possible to low pulley or lever and attach hook to dip belt in front between legs. Step up and grasp parallel bars with hands facing inward. Lift legs off of steps or floor.,Pull body up until elbow are to sides. Lower body until arms and shoulders are fully extended. Repeat.
EX214,Pullup/Chinup: Pull-up,4,Advanced,Cable,Back,"Latissimus Dorsi, Teres Major, Lower Trapezius, Rhomboids, Biceps Brachii, Trapezius",Compound,Pull,Place dip belt around waist. Kneel close to low pulley or lever and attach hook to dip belt. Step up and grasp bars with overhand wide grip. Lift legs off of steps or floor.,Pull body up until chin is above bar. Lower body until arms and shoulders are fully extended. Repeat.
EX215,Underhand Pulldown,2,Beginner,Cable,Back,"Latissimus Dorsi, Teres Major, Lower Trapezius, Rhomboids, Biceps Brachii, Brachialis, Trapezius",Compound,Pull,Grasp cable bar with underhand grip. Sit with thighs under supports.,Pull down cable bar to upper chest until elbows are to sides. Return until arms and shoulders are fully extended. Repeat.
EX216,Pulldown,2,Beginner,Lever (plate loaded),Back,"Latissimus Dorsi, Teres Major, Lower Trapezius, Rhomboids, Biceps Brachii, Trapezius",Compound,Pull,Grasp handles to each side with overhand grip. Sit on seat and position thighs under leg pads.,Pull levers down to sides of shoulders. Return until arms and shoulders are fully extended. Repeat.
EX217,Underhand Pulldown,2,Beginner,Lever (plate loaded),Back,"Latissimus Dorsi, Teres Major, Lower Trapezius, Rhomboids, Biceps Brachii, Brachialis, Trapezius",Compound,Pull,Grasp lever handles with underhand grip. Sit with thighs under supports.,Pull down lever handles toward sides until elbows are to sides. Return until arms and shoulders are fully extended. Repeat.
EX218,Close Grip Pulldown,2,Beginner,Lever (selectorized),Back,"Latissimus Dorsi, Teres Major, Lower Trapezius, Rhomboids, Biceps Brachii, Brachialis, Trapezius",Compound,Pull,Grasp parallel lever bars. Sit with thighs under supports.,Pull down handles to sides of chest while leaning back slightly. Return until arms and shoulders are fully extended. Repeat.
EX219,Front Pulldown,2,Beginner,Lever (selectorized),Back,"Latissimus Dorsi, Teres Major, Lower Trapezius, Rhomboids, Biceps Brachii, Trapezius",Compound,Pull,Grasp lever handles. Sit with thighs under supports.,Pull down lever to upper chest. Return until arms and shoulders are fully extended. Repeat.
EX220,Pulldown,2,Beginner,Lever (selectorized),Back,"Latissimus Dorsi, Teres Major, Lower Trapezius, Rhomboids, Biceps Brachii, Trapezius",Compound,Pull,Sit on seat. Reach up and grasp handles with wide overhand grip.,Pull levers down to sides of shoulders. Return until arms and shoulders are fully extended. Repeat.
EX221,Pullover,2,Beginner,Lever (selectorized),Back,"Latissimus Dorsi, Teres Major, Lower Trapezius, Rhomboids, Pectoralis Major Sternal, Pectoralis Major Clavicular",Isolated,Pull,Adjust seat height so lever is near shoulder axis. Sit on machine and push foot lever. Place elbows on pads and grasp bar from behind. Release foot lever and place feet on platform or to sides.,"Pull lever forward and down until elbows are to sides. Return until shoulders are fully flexed, or upper arms are parallel to torso. Repeat."
EX222,Chin-up,4,Advanced,Weighted,Back,"Latissimus Dorsi, Teres Major, Lower Trapezius, Rhomboids, Biceps Brachii, Brachialis, Trapezius",Compound,Pull,Step up and grasp bar with underhand shoulder width grip.,Pull body up until elbows are to sides. Lower body until arms and shoulders are fully extended. Repeat.
EX223,Parallel Close Grip Pull-up,4,Advanced,Weighted,Back,"Latissimus Dorsi, Teres Major, Lower Trapezius, Rhomboids, Biceps Brachii, Brachialis, Trapezius",Compound,Pull,Step up and grasp close grip parallel bars.,Pull body up until elbow are to sides. Lower body until arms and shoulders are fully extended. Repeat.
EX224,Pull-up,4,Advanced,Weighted,Back,"Latissimus Dorsi, Teres Major, Lower Trapezius, Rhomboids, Biceps Brachii, Trapezius",Compound,Pull,Step up and grasp bar with overhand wide grip.,Pull body up until chin is above bar. Lower body until arms and shoulders are fully extended. Repeat.
EX225,Archer Pull-up,5,Advanced,Resistance Band,Back,"Latissimus Dorsi, Teres Major, Lower Trapezius, Rhomboids, Biceps Brachii, Trapezius",Compound,Pull,Step up and grasp bar with overhand wide grip.,Pull body up until chin is above bar. Lower body until arms and shoulders are fully extended. Repeat.
EX226,Chin-up,4,Advanced,Resistance Band,Back,"Latissimus Dorsi, Teres Major, Lower Trapezius, Rhomboids, Biceps Brachii, Brachialis, Trapezius",Compound,Pull,Step up and grasp bar with overhand wide grip.,Pull body up until chin is above bar. Lower body until arms and shoulders are fully extended. Repeat.
EX227,Pull-up,4,Advanced,Resistance Band,Back,"Latissimus Dorsi, Teres Major, Lower Trapezius, Rhomboids, Biceps Brachii, Trapezius",Compound,Pull,Step up and grasp bar with overhand wide grip.,Pull body up until chin is above bar. Lower body until arms and shoulders are fully extended. Repeat.
EX228,Pull-up: Parallel Grip,4,Advanced,Resistance Band,Back,"Latissimus Dorsi, Teres Major, Lower Trapezius, Rhomboids, Biceps Brachii, Brachialis, Trapezius",Compound,Pull,Step up and grasp bar with overhand wide grip.,Pull body up until chin is above bar. Lower body until arms and shoulders are fully extended. Repeat.
EX229,Archer Pull-up,5,Advanced,Body Weight,Back,"Latissimus Dorsi, Teres Major, Lower Trapezius, Rhomboids, Biceps Brachii, Trapezius",Compound,Pull,Step up and grasp bar with overhand wide grip.,Pull body up until chin is above bar. Lower body until arms and shoulders are fully extended. Repeat.
EX230,Chin-up,4,Advanced,Body Weight,Back,"Latissimus Dorsi, Teres Major, Lower Trapezius, Rhomboids, Biceps Brachii, Brachialis, Trapezius",Compound,Pull,Step up and grasp bar with underhand shoulder width grip.,Pull body up until elbows are to sides. Lower body until arms and shoulders are fully extended. Repeat.
EX231,One Arm Pull-up New!,5,Advanced,Body Weight,Back,"Latissimus Dorsi, Teres Major, Lower Trapezius, Rhomboids, Biceps Brachii, Trapezius",Compound,Pull,Step up and grasp bar with underhand shoulder width grip.,Pull body up until elbows are to sides. Lower body until arms and shoulders are fully extended. Repeat.
EX232,Parallel Close Grip Pull-up,4,Advanced,Body Weight,Back,"Latissimus Dorsi, Teres Major, Lower Trapezius, Rhomboids, Biceps Brachii, Brachialis, Trapezius",Compound,Pull,Step up and grasp parallel bars.,Pull body up until elbow are to sides. Lower body until arms and shoulders are fully extended. Repeat.
EX233,Pull-up,4,Advanced,Body Weight,Back,"Latissimus Dorsi, Teres Major, Lower Trapezius, Rhomboids, Biceps Brachii, Trapezius",Compound,Pull,Step up and grasp bar with overhand wide grip.,Pull body up until chin is above bar. Lower body until arms and shoulders are fully extended. Repeat.
EX234,Chin-up,4,Advanced,Assisted,Back,"Latissimus Dorsi, Teres Major, Lower Trapezius, Rhomboids, Biceps Brachii, Brachialis, Trapezius",Compound,Pull,Step up and grasp bar with underhand shoulder width grip. Bend knees so partner can assist from behind.,Pull body up until elbows are to sides or chin is just above bar. Lower body until arms and shoulders are fully extended. Repeat.
EX235,Pull-up,4,Advanced,Assisted,Back,"Latissimus Dorsi, Teres Major, Lower Trapezius, Rhomboids, Biceps Brachii, Trapezius",Compound,Pull,Step up and grasp bar with wide overhand grip. Bend knees so partner can assist from behind.,Pull body up until chin is just above bar. Lower body until arms and shoulders are fully extended. Repeat.
EX236,Chin-up,4,Advanced,Self-assisted,Back,"Latissimus Dorsi, Teres Major, Lower Trapezius, Rhomboids, Biceps Brachii, Brachialis, Trapezius",Compound,Pull,"Stand facing fixed horizontal bar at neck height. Grasp bar with underhand grip shoulder width. Position feet forward on floor, slightly in front of bar.","Lower body under bar until arms and shoulders are fully extended. If necessary, use minimal assistance of lower body to control descent, allowing knees and hips to bend, keeping flat on floor. Pull body up until elbows are to sides, again with minimal assistance from lower body. Repeat."
EX237,Pull-up,4,Advanced,Self-assisted,Back,"Latissimus Dorsi, Teres Major, Lower Trapezius, Rhomboids, Biceps Brachii, Trapezius",Compound,Pull,"Stand facing fixed horizontal bar at neck height. Grasp bar with wide overhand grip. Position feet forward on floor, slightly in front of bar.","Lower body under bar until arms and shoulders are fully extended. If necessary, use minimal assistance of lower body to control descent, allowing knees and hips to bend, keeping flat on floor. Pull body up until chin is just above bar, again with minimal assistance from legs. Repeat."
EX238,Pull-up,4,Advanced,Suspension Straps,Back,"Latissimus Dorsi, Teres Major, Lower Trapezius, Rhomboids, Biceps Brachii, Trapezius",Compound,Pull,Grasp high suspension handles.,Pull body up until neck reaches height of hands. Lower body until arms and shoulders are fully extended. Repeat.
EX239,Pull-up: Self-assisted,3,Intermediate,Suspension Straps,Back,"Latissimus Dorsi, Teres Major, Lower Trapezius, Rhomboids, Biceps Brachii, Trapezius",Compound,Pull,"Stand facing suspension handles placed at neck height. Grasp handles and position feet forward on floor, slightly in front of handles.","Lower body under handles until arms and shoulders are fully extended. If necessary, use minimal assistance of lower body to control descent, allowing knees and hips to bend, keeping flat on floor. Pull body up until chin is just above handles, again with minimal assistance from legs. Repeat."
EX240,Shrug,1,Beginner,Barbell,Back,"Upper Trapezius, Levator Scapulae, Middle Trapezius",Isolated,Pull,Stand holding barbell with overhand or mixed grip; shoulder width or slightly wider.,Elevate shoulders as high as possible. Lower and repeat.
EX241,Trap Bar Shrug,2,Beginner,Barbell,Back,"Upper Trapezius, Levator Scapulae, Middle Trapezius",Isolated,Pull,Step into trap barbell and stand holding handles of trap bar to sides.,Elevate shoulders as high as possible. Lower and repeat.
EX242,Shrug,1,Beginner,Cable,Back,"Upper Trapezius, Levator Scapulae, Middle Trapezius",Isolated,Pull,Stand facing low pulley and grasp cable bar with shoulder width or slightly wider overhand grip. Stand close to pulley.,"With arms straight, elevate shoulders as high as possible. Lower and repeat."
EX243,Shrug with Stirrups,1,Beginner,Cable,Back,"Upper Trapezius, Levator Scapulae, Middle Trapezius",Isolated,Pull,Stand between two low pulleys and grasp stirrups to each side. Stand upright with arms straight down to each side.,"With arms straight, elevate shoulders as high as possible. Lower and repeat."
EX244,Shrug,1,Beginner,Dumbbell,Back,"Upper Trapezius, Levator Scapulae, Middle Trapezius",Isolated,Pull,Stand holding dumbbells to sides.,Elevate shoulders as high as possible. Lower and repeat.
EX245,Seated Shrug,1,Beginner,Lever (plate loaded),Back,"Upper Trapezius, Levator Scapulae, Middle Trapezius",Isolated,Pull,Sit on bench and grasp lower handles to each side. Sit upright.,Elevate shoulders as high as possible. Lower and repeat.
EX246,Shrug,1,Beginner,Lever (plate loaded),Back,"Upper Trapezius, Levator Scapulae, Middle Trapezius",Isolated,Pull,Stand between lever handles to sides. Squat down with feet flat on floor and grasp upper handles to sides. Stand upright by extending hips and knees to full extension.,Elevate shoulders as high as possible. Lower and repeat.
EX247,Shrug,1,Beginner,Lever (selectorized),Back,"Upper Trapezius, Levator Scapulae, Middle Trapezius",Isolated,Pull,Stand holding lever bar with shoulder width overhand or mixed grip.,Elevate shoulders as high as possible. Lower and repeat.
EX248,Gripless Shrug,1,Beginner,Sled,Back,"Upper Trapezius, Levator Scapulae, Middle Trapezius",Isolated,Pull,Stand with shoulders under padded bar.,Elevate shoulders as high as possible. Lower and repeat.
EX249,Shrug,1,Beginner,Smith,Back,"Upper Trapezius, Levator Scapulae, Middle Trapezius",Isolated,Pull,Stand grasping smith bar with shoulder width or slightly wider overhand grip. Disengage bar by rotating bar back.,Elevate shoulders as high as possible. Lower and repeat.
EX250,Inverted Shrug,2,Beginner,Body Weight,Back,"Upper Trapezius, Levator Scapulae, Middle Trapezius",Isolated,Pull,"Stand between parallel bars. Squat down and grasp parallel bars from above. Kick legs up inverting and balancing body upside down. Legs can be kept bent or straight, positioned vertically.",Raise body up a high as possible by pulling shoulders toward ears. Lower body to original position and repeat.
EX251,Inverted Shrug,2,Beginner,Suspension Straps,Back,"Upper Trapezius, Levator Scapulae, Middle Trapezius",Isolated,Pull,"Grasp gymnastics rings, one in each hand. Sit on mat between parallel bars. Kick legs up inverting and balancing body upside down.",Raise body up a high as possible by pulling shoulders toward ears. Lower body to original position and repeat.
EX252,Seated Shoulder External Rotation,1,Beginner,Cable,Back,"Infraspinatus, Teres Minor",Isolated,Pull,Stand with side to elbow height cable pulley. Grasp stirrup attachment with far arm. Position elbow against side and forearm across belly.,Pull cable attachment away from body as far as possible by externally rotating shoulder. Return and repeat. Turn around and continue with opposite arm.
EX253,Seated Shoulder External Rotation: Standing,1,Beginner,Cable,Back,"Infraspinatus, Teres Minor",Isolated,Pull,Stand with side to elbow height cable pulley. Grasp stirrup attachment with far arm. Position elbow against side and forearm across belly.,Pull cable attachment away from body as far as possible by externally rotating shoulder. Return and repeat. Turn around and continue with opposite arm.
EX254,Lying Shoulder External Rotation,1,Beginner,Dumbbell,Back,"Infraspinatus, Teres Minor",Isolated,Pull,Lie on side with legs separated for support. Grasp dumbbell and position elbow against side and forearm across belly.,Lift dumbbell by rotating shoulder. Return and repeat. Flip over and continue with opposite arm.
EX255,Upright Shoulder External Rotation (with support),1,Beginner,Dumbbell,Back,"Infraspinatus, Teres Minor",Isolated,Pull,"Stand or sit with side against chest height platform. With dumbbell in hand, position upper arm horizontally on platform, elbow bent so forearm is upright.",Lower dumbbell forward by rotating shoulder. Return and repeat. Continue with opposite arm.
EX256,Shoulder External Rotation,1,Beginner,Lever (plate loaded),Back,"Infraspinatus, Teres Minor",Isolated,Pull,"Stand or sit with side against chest height platform. With dumbbell in hand, position upper arm horizontally on platform, elbow bent so forearm is upright.",Lower dumbbell forward by rotating shoulder. Return and repeat. Continue with opposite arm.
EX257,Shoulder External Rotation,1,Beginner,Lever (selectorized),Back,"Infraspinatus, Teres Minor",Isolated,Pull,Place elbow on forearm pad and grasp handle with upper arm to side of body and forearm against body.,Pull lever away from body. Return and repeat. Adjust lever to opposite side and repeat with other arm.
EX258,Shoulder External Rotation,1,Beginner,Suspension Straps,Back,"Infraspinatus, Teres Minor",Isolated,Pull,Grasp suspension handles and position bent elbows to each sides of waist.,"Pull handles apart from each side, while keeping fixed elbow position and body and legs straight throughout movement. Raise forward so handles are to each side of body. Return back until handles come back together in front of body. Repeat."
EX259,Standing Shoulder Internal Rotation,1,Beginner,Cable,Back,"Subscapularis, Pectoralis Major Sternal, Pectoralis Major Clavicular",Isolated,Pull,Grasp suspension handles and position bent elbows to each sides of waist.,"Pull handles apart from each side, while keeping fixed elbow position and body and legs straight throughout movement. Raise forward so handles are to each side of body. Return back until handles come back together in front of body. Repeat."
EX260,Shoulder Internal Rotation,1,Beginner,Dumbbell,Back,"Subscapularis, Pectoralis Major Sternal, Pectoralis Major Clavicular",Isolated,Pull,Grasp suspension handles and position bent elbows to each sides of waist.,"Pull handles apart from each side, while keeping fixed elbow position and body and legs straight throughout movement. Raise forward so handles are to each side of body. Return back until handles come back together in front of body. Repeat."
EX261,Shoulder Internal Rotation: on floor,1,Beginner,Dumbbell,Back,"Subscapularis, Pectoralis Major Sternal, Pectoralis Major Clavicular",Isolated,Pull,Grasp suspension handles and position bent elbows to each sides of waist.,"Pull handles apart from each side, while keeping fixed elbow position and body and legs straight throughout movement. Raise forward so handles are to each side of body. Return back until handles come back together in front of body. Repeat."
EX262,Shoulder Internal Rotation,1,Beginner,Lever (plate loaded),Back,"Subscapularis, Pectoralis Major Sternal, Pectoralis Major Clavicular",Isolated,Pull,Grasp suspension handles and position bent elbows to each sides of waist.,"Pull handles apart from each side, while keeping fixed elbow position and body and legs straight throughout movement. Raise forward so handles are to each side of body. Return back until handles come back together in front of body. Repeat."
EX263,Shoulder Internal Rotation,1,Beginner,Lever (selectorized),Back,"Subscapularis, Pectoralis Major Sternal, Pectoralis Major Clavicular",Isolated,Pull,Grasp suspension handles and position bent elbows to each sides of waist.,"Pull handles apart from each side, while keeping fixed elbow position and body and legs straight throughout movement. Raise forward so handles are to each side of body. Return back until handles come back together in front of body. Repeat."
EX264,Chest Dip,3,Intermediate,Assisted,Chest,"Pectoralis Major Sternal, Triceps Brachii, Anterior Deltoid",Compound,Push,"Mountwide dip barwith oblique grip (bar diagonal under palm), arms straight with shoulders above hands. Step down onto assistance lever with hips and knees bent.","Lower body by bending arms, allowing elbows to flare out to sides. When slight stretch is felt in chest or shoulders, push body up until arms are straight. Repeat."
EX265,Chest Dip: kneeling,2,Beginner,Assisted,Chest,"Pectoralis Major Sternal, Triceps Brachii, Anterior Deltoid",Compound,Push,"Mountwide dip barwith oblique grip (bar diagonal under palm), arms straight with shoulders above hands. Kneel on padded platform, lowering it down slightly so hips are slightly bent.","Lower body by bending arms, allowing elbows to flare out to sides. When slight stretch is felt in chest or shoulders push body up until arms are straight. Repeat."
EX266,Bench Press,3,Intermediate,Barbell,Chest,"Pectoralis Major Sternal, Triceps Brachii, Anterior Deltoid",Compound,Push,Lie supine on bench. Dismount barbell from rack over upper chest using wide oblique overhand grip.,Lower weight to chest. Press bar upward until arms are extended. Repeat.
EX267,Bench Press: Power Lift,4,Advanced,Barbell,Chest,"Pectoralis Major Sternal, Triceps Brachii, Anterior Deltoid",Compound,Push,"Lie supine on bench. Grasp bar with overhand and slightly wider than shoulder width grip. Arch back, extend hips, and position feet back flat on floor. Dismount barbell from rack over chest.",Lower weight to lower chest. Press bar upward until arms are extended. Repeat.
EX268,Decline Bench Press,3,Intermediate,Barbell,Chest,"Pectoralis Major Sternal, Triceps Brachii, Anterior Deltoid",Compound,Push,Lie supine on decline bench with feet under leg brace. Dismount barbell from rack over chest using wide oblique overhand grip.,Lower weight to chest. Press bar until arms are extended. Repeat.
EX269,Flies,2,Beginner,Cable,Chest,"Pectoralis Major Sternal, Anterior Deltoid",Isolated,Push,"Grasp two opposing low pulley stirrup attachments. Lie supine on bench, in middle and perpendicular to both pulleys. Slightly bend elbows and internally rotate shoulders so elbows are back.",Bring cable attachments together in hugging motion with elbows in fixed position and shoulders internally rotated so elbows are to sides. Return to starting position until slight stretch. Repeat.
EX270,Flies: Lying Fly,2,Beginner,Cable,Chest,"Pectoralis Major Sternal, Anterior Deltoid",Isolated,Push,"Grasp two opposing low pulley stirrup attachments. Lie supine on bench, in middle and perpendicular to both pulleys. Slightly bend elbows and internally rotate shoulders so elbows are back.",Bring cable attachments together in hugging motion with elbows in fixed position and shoulders internally rotated so elbows are to sides. Return to starting position until slight stretch. Repeat.
EX271,Flies: Seated Fly,2,Beginner,Cable,Chest,"Pectoralis Major Sternal, Anterior Deltoid",Isolated,Push,Sit on seat and grasp stirrups to each side. Slightly bend elbows and internally rotate shoulders so elbows are back.,"Keeping elbows pointed high, bring cable attachments together in hugging motion with elbows in fixed position. Return to starting position until slight stretch. Repeat."
EX272,Flies: Standing Fly,2,Beginner,Cable,Chest,"Pectoralis Major Sternal, Anterior Deltoid",Isolated,Push,Grasp two opposing high pulley dumbbell attachments. Stand with pulleys to each side. Bend over slightly by flexing hips and knees. Bend elbows slightly and internally rotate shoulders so elbows are back initially.,Bring cable attachments together in hugging motion with elbows in fixed position. Keep shoulders internally rotated so elbows are pointed upward at top and out to sides at bottom. Return to starting position until chest muscles are stretched. Repeat.
EX273,Presses,3,Intermediate,Cable,Chest,"Pectoralis Major Sternal, Triceps Brachii, Anterior Deltoid",Compound,Push,Lie on bench and grasp stirrups attached to low cable pulley on each side. Position stirrups out to each side of chest with bent arm under each wrist.,"Push stirrups up over each shoulder until arms are straight and parallel to one another. Return stirrups to original position, until slight stretch is felt in shoulders or chest. Repeat."
EX274,Presses: Bench Press,3,Intermediate,Cable,Chest,"Pectoralis Major Sternal, Triceps Brachii, Anterior Deltoid",Compound,Push,Lie on bench and grasp stirrups attached to low cable pulley on each side. Position stirrups out to each side of chest with bent arm under each wrist.,"Push stirrups up over each shoulder until arms are straight and parallel to one another. Return stirrups to original position, until slight stretch is felt in shoulders or chest. Repeat."
EX275,Presses: Chest Press Standing,3,Intermediate,Cable,Chest,"Pectoralis Major Sternal, Triceps Brachii, Anterior Deltoid",Compound,Push,"Sit on seat and grasp stirrups to each side. Position elbows out to sides, slightly lower than shoulder height. Position hands slightly narrower than elbow width in front of upper arms.","Push stirrups out straight until arms are straight and parallel to one another. Return stirrups to original position, until slight stretch is felt in shoulders or chest. Repeat."
EX276,Presses: Decline Chest Press,3,Intermediate,Cable,Chest,"Pectoralis Major Sternal, Triceps Brachii, Anterior Deltoid",Compound,Push,"Sit on seat and grasp stirrups to each side. Position elbows out to sides, slightly lower than shoulder height. Position hands slightly narrower than elbow width in front of upper arms.","Push stirrups forward and slightly downward until arms are straight and parallel to one another. Return stirrups to original position, until slight stretch is felt in shoulders or chest. Repeat."
EX277,Bench Press,3,Intermediate,Dumbbell,Chest,"Pectoralis Major Sternal, Triceps Brachii, Anterior Deltoid",Compound,Push,Sit down on bench with dumbbells resting on lower thigh. Kick weights to shoulder and lie back. Position dumbbells to sides of chest with bent arm under each dumbbell.,Press dumbbells up with elbows to sides until arms are extended. Lower weight to sides of chest until slight stretch is felt in chest or shoulder. Repeat.
EX278,Decline Bench Press,3,Intermediate,Dumbbell,Chest,"Pectoralis Major Sternal, Triceps Brachii, Anterior Deltoid",Compound,Push,Sit down on decline bench with feet under leg brace and dumbbells resting on thigh. Lie back with dumbbells. Position dumbbells to sides of chest with bent arm under each dumbbell.,Press dumbbells up with elbows to sides until arms are extended. Lower weight to sides of chest until slight stretch is felt in chest or shoulder. Repeat.
EX279,Fly,2,Beginner,Dumbbell,Chest,"Pectoralis Major Sternal, Anterior Deltoid",Isolated,Push,Grasp two dumbbells. Lie supine on bench. Support dumbbells above chest with arms fixed in slightly bent position. Internally rotate shoulders so elbows point out to sides.,Lower dumbbells to sides until chest muscles are stretched with elbows fixed in slightly bent position. Bring dumbbells together in wide hugging motion until dumbbells are nearly together. Repeat.
EX280,Pullover,2,Beginner,Dumbbell,Chest,"Pectoralis Major Sternal, Latissimus Dorsi, Pectoralis Major Clavicular",Isolated,Push,Lie on upper back perpendicular to bench. Flex hips slightly. Grasp one dumbbell from behind or from side with both hands under inner plate of dumbbell. Position dumbbell over chest with elbows slightly bent.,"Keeping elbows slightly bent throughout movement, lower dumbbell over and beyond head until upper arms are in-line with torso. Pull dumbbell up and over chest. Repeat."
EX281,Bench Press,3,Intermediate,Lever (plate loaded),Chest,"Pectoralis Major Sternal, Triceps Brachii, Anterior Deltoid",Compound,Push,Lie supine on bench with chest under lever bar. Grasp lever bar with wide oblique overhand grip.,"Keeping elbows slightly bent throughout movement, lower dumbbell over and beyond head until upper arms are in-line with torso. Pull dumbbell up and over chest. Repeat."
EX282,Chest Dip,3,Intermediate,Lever (plate loaded),Chest,"Pectoralis Major Sternal, Triceps Brachii, Anterior Deltoid",Compound,Push,"Sit on seat and grasp handles with oblique grip. If possible, place handles inwide position. Lean forward slightly.",Push lever down with elbows away from body. Return until chest is slightly stretched. Repeat.
EX283,Chest Press,3,Intermediate,Lever (plate loaded),Chest,"Pectoralis Major Sternal, Triceps Brachii, Anterior Deltoid",Compound,Push,Sit on seat with chest approximately height of handles. Grasp handles with wide overhand grip; elbows out to sides just below shoulders.,Press levers until arms are extended. Return weight until chest muscles are slightly stretched. Repeat.
EX284,Decline Chest Press,3,Intermediate,Lever (plate loaded),Chest,"Pectoralis Major Sternal, Triceps Brachii, Anterior Deltoid",Compound,Push,Sit on seat with lever grips lower chest height. Grasp grips with wide overhand grip; elbows out to sides just below shoulders.,Press lever until arms are extended. Return weight until chest muscles are slightly stretched. Repeat.
EX285,Chest Dip,3,Intermediate,Lever (selectorized),Chest,"Pectoralis Major Sternal, Triceps Brachii, Anterior Deltoid",Compound,Push,"If possible, place handles inwide position. Sit on seat and grasp handles with oblique grip. Lean forward slightly and allow elbows to flare out.",Push lever down by straightening arms. Return lever up with elbows flaring out until chest is slightly stretched. Repeat.
EX286,Flies,2,Beginner,Lever (selectorized),Chest,"Pectoralis Major Sternal, Anterior Deltoid",Isolated,Push,Lie supine on bench. Position both arms under padded levers. Slightly bend elbows and internally rotate shoulders so elbows are back.,Bring padded levers upward and together in hugging motion. Return to starting position until chest muscles are stretched. Repeat.
EX287,Flies: Lying Fly,2,Beginner,Lever (selectorized),Chest,"Pectoralis Major Sternal, Anterior Deltoid",Isolated,Push,Lie supine on bench. Position both arms under padded levers. Slightly bend elbows and internally rotate shoulders so elbows are back.,Bring padded levers upward and together in hugging motion. Return to starting position until chest muscles are stretched. Repeat.
EX288,Flies: Pec Deck Fly,2,Beginner,Lever (selectorized),Chest,"Pectoralis Major Sternal, Anterior Deltoid",Isolated,Push,"Sit on machine with back on pad. If available, push foot lever until padded lever moves forward. Place forearms on padded lever. Position upper arms approximately parallel. Release foot lever.",Push levers together. Return until chest muscles are stretched. Repeat.
EX289,Flies: Seated Fly,2,Beginner,Lever (selectorized),Chest,"Pectoralis Major Sternal, Anterior Deltoid",Isolated,Push,"Sit on machine with back on pad. Grasp handles to both sides, shoulder height. Slightly bend elbows and internally rotate shoulders so elbows are back.","Keeping elbows pointed high, push lever handles forward and together. Return to back toward original position until mild stretch is felt in chest or shoulder. Repeat."
EX290,Presses,3,Intermediate,Lever (selectorized),Chest,"Pectoralis Major Sternal, Triceps Brachii, Anterior Deltoid",Compound,Push,Lie supine on bench with chest under lever bar. Grasp lever bar with wide oblique overhand grip.,Press bar until arms are extended. Lower weight to upp er chest. Repeat.
EX291,Presses: Bench Press,3,Intermediate,Lever (selectorized),Chest,"Pectoralis Major Sternal, Triceps Brachii, Anterior Deltoid",Compound,Push,Lie supine on bench with chest under lever bar. Grasp lever bar with wide oblique overhand grip.,Press bar until arms are extended. Lower weight to upp er chest. Repeat.
EX292,Presses: Chest Press alternative machine,3,Intermediate,Lever (selectorized),Chest,"Pectoralis Major Sternal, Triceps Brachii, Anterior Deltoid",Compound,Push,Sit on seat with chest approximately height of handles. Grasp handles with wide overhand grip; elbows out to sides just below shoulders.,Press lever until arms are extended. Return weight until chest muscles are slightly stretched. Repeat.
EX293,Presses: Decline Chest Press,3,Intermediate,Lever (selectorized),Chest,"Pectoralis Major Sternal, Triceps Brachii, Anterior Deltoid",Compound,Push,Sit on seat with lever grips lower chest height. Grasp grips with wide overhand grip; elbows out to sides just below shoulders.,Press lever until arms are extended. Return weight until chest muscles are slightly stretched. Repeat.
EX294,Standing Chest Dip,3,Intermediate,Sled,Chest,"Pectoralis Major Sternal, Triceps Brachii, Anterior Deltoid",Compound,Push,Sit on seat with lever grips lower chest height. Grasp grips with wide overhand grip; elbows out to sides just below shoulders.,Press lever until arms are extended. Return weight until chest muscles are slightly stretched. Repeat.
EX295,Bench Press,3,Intermediate,Smith,Chest,"Pectoralis Major Sternal, Triceps Brachii, Anterior Deltoid",Compound,Push,Lie supine on bench with chest under bar. Grasp bar with wide oblique overhand grip. Disengage bar by rotating bar back.,Lower weight to chest. Press bar until arms are extended. Repeat.
EX296,Decline Bench Press,3,Intermediate,Smith,Chest,"Pectoralis Major Sternal, Triceps Brachii, Anterior Deltoid",Compound,Push,Lie supine on decline bench with feet under leg brace and chest under bar. Grasp bar with wide oblique overhand grip. Disengage bar by rotating bar back.,Lower weight to chest. Press bar until arms are extended. Repeat.
EX297,Chest Dip,3,Intermediate,Weighted,Chest,"Pectoralis Major Sternal, Triceps Brachii, Anterior Deltoid",Compound,Push,"Place weight on dip belt around waist or place dumbbell between lower legs just above feet. Mountwide dip barwith oblique grip (bar diagonal under palm), arms straight with shoulders above hands. Keep hips and knees bent.","Lower body by bending arms, allowing elbows to flare out to sides. When slight stretch is felt in chest or shoulders, push body up until arms are straight. Repeat."
EX298,Push-up,2,Beginner,Weighted,Chest,"Pectoralis Major Sternal, Triceps Brachii, Anterior Deltoid",Compound,Push,Lie prone on floor with hands slightly wider than shoulder width. Raise body up off floor by extending arms with body straight. Partner can place weight plate(s) on back if needed.,"Keeping body straight, lower body to floor by bending arms. Push body up until arms are extended. Repeat."
EX299,Chest Dip,3,Intermediate,Resistance Band,Chest,"Pectoralis Major Sternal, Triceps Brachii, Anterior Deltoid",Compound,Push,Lie prone on floor with hands slightly wider than shoulder width. Raise body up off floor by extending arms with body straight. Partner can place weight plate(s) on back if needed.,"Keeping body straight, lower body to floor by bending arms. Push body up until arms are extended. Repeat."
EX300,Chest Dip,3,Intermediate,Body Weight,Chest,"Pectoralis Major Sternal, Triceps Brachii, Anterior Deltoid",Compound,Push,"Mountwide dip barwith oblique grip (bar diagonal under palm), arms straight with shoulders above hands. Bend knees and hips slightly.","Lower body by bending arms, allowing elbows to flare out to sides. When slight stretch is felt in chest or shoulders, push body up until arms are straight. Repeat."
EX301,Push-up,2,Beginner,Body Weight,Chest,"Pectoralis Major Sternal, Triceps Brachii, Anterior Deltoid",Compound,Push,Lie prone with forefeet on floor and hands slightly wider than shoulder width. Raise body up off floor by extending arms with body straight.,"Keeping body straight, lower body to floor by bending arms. Push body up until arms are extended. Repeat."
EX302,Push-up: Archer,3,Intermediate,Body Weight,Chest,"Pectoralis Major Sternal, Triceps Brachii, Anterior Deltoid",Compound,Push,Lie prone with forefeet on floor and hands slightly wider than shoulder width. Raise body up off floor by extending arms with body straight.,"Keeping body straight, lower body to floor by bending arms. Push body up until arms are extended. Repeat."
EX303,Push-up: Incline,2,Beginner,Body Weight,Chest,"Pectoralis Major Sternal, Triceps Brachii, Anterior Deltoid",Compound,Push,"Stand facing bench or sturdy elevated platform. Place hands on edge of bench or platform, slightly wider than shoulder width. Position forefoot back from bench or platform with arms and body straight. Arms should be perpendicular to body.","Keeping body straight, lower chest to edge of box or platform by bending arms. Push body up until arms are extended. Repeat."
EX304,Push-up: on knees,1,Beginner,Body Weight,Chest,"Pectoralis Major Sternal, Triceps Brachii, Anterior Deltoid",Compound,Push,Lie prone on floor with hands slightly wider than shoulder width. Bend knees and raise body up off floor by extending arms with body straight.,"Keeping body straight and knees bent, lower body to floor by bending arms. Push body up until arms are extended. Repeat."
EX305,Chest Dip,3,Intermediate,Self-assisted,Chest,"Pectoralis Major Sternal, Triceps Brachii, Anterior Deltoid",Compound,Push,"Stand on bench or elevation between parallel bars. Mountwide dip barwith oblique grip (bar diagonal under palm), arms straight with shoulders above hands. Bend knees and hips slightly and place forefoot on bench or elevation below.","Lower body by bending arms, allowing elbows to flare out to sides. If necessary, use minimal assistance of lower body to control descent, allowing knees and hips to bend, keeping forefeet in contact with bench or elevation. When slight stretch is felt in chest or shoulders, push body up until arms are straight and repeat, again with minimal assistance from legs."
EX306,Chest Dip,3,Intermediate,Suspension Straps,Chest,"Pectoralis Major Sternal, Triceps Brachii, Anterior Deltoid",Compound,Push,Stand between two suspension handles and grasp handles on each side of torso. Hold position firmly and lift feet from floor.,Push body up until arms are straight. Lower body until slight stretch is felt in shoulders.
EX307,Chest Press,3,Intermediate,Suspension Straps,Chest,"Pectoralis Major Sternal, Triceps Brachii, Anterior Deltoid",Compound,Push,"Grasp handles and step forward between suspension trainers. Position arms downward and slightly forward, nearly parallel with suspension straps. Lean forward, placing upper body weight onto handles with arms straight, while stepping back onto forefeet so body is leaning forward at desired angle. Straighten body so torso is in-line with legs.","Lower body by bending arms while keeping body straight. Allow handles to come apart slightly to keep in-line with elbows flaring out. Stop descent once mild stretch is felt through shoulders or chest. Push body up to original position, allowing handles to travel inward to keep in line with elbows converging until arms are fully extended. Repeat."
EX308,Fly,2,Beginner,Suspension Straps,Chest,"Pectoralis Major Sternal, Anterior Deltoid",Isolated,Push,"Grasp handles and step forward between suspension trainer. Position arms downward and slightly forward, nearly parallel with suspension straps. Lean forward, placing upper body weight onto handles with arms straight, while stepping back onto forefeet, so body is leaning forward at desired angle. Straighten body so torso is in-line with legs. Bend elbows slightly and internally rotate shoulders, so elbows are pointed outward to each side.",Lower body by allowing suspension handles to separate outward until mild stretch is felt in chest. Reverse motion by bringing handles back together in hugging motion. Repeat.
EX309,Clap Push-up,4,Advanced,Body Weight,Chest,"Pectoralis Major Sternal, Triceps Brachii, Anterior Deltoid",Compound,Push,Lie prone with forefeet on floor and hands positioned shoulder width or slightly wider. Assume plank position by pushing body up with arms extended and body straight.,"Lower body to floor and immediately push body up as fast as possible. As the hands leave ground, rapidly clap hands together and place back to original position, catching body before it falls. Repeat."
EX310,Depth Push-up,3,Intermediate,Body Weight,Chest,"Pectoralis Major Sternal, Triceps Brachii, Anterior Deltoid",Compound,Push,Kneel on floor between two slightly elevated platforms slightly wider that shoulder width apart. Position hands on floor beside sides of platforms. Position upper body off of floor with arms extended. Straighten body and place forefeet back on floor.,"Lower body to floor and immediately push body up as fast as possible. As hands leave ground, rapidly place hands on platforms to sides, catching body before it falls. Lower body again. As soon as slight stretch is felt in chest or shoulders, immediately push upper body upward. Before upper body falls, immediately remove hands off of platforms and catch body by returning hands back on floor between platforms and repeat."
EX311,Incline Bench Press,3,Intermediate,Barbell,Chest,"Pectoralis Major Clavicular, Triceps Brachii, Anterior Deltoid",Compound,Push,Lie supine on incline bench. Dismount barbell from rack over upper chest using wide oblique overhand grip.,Lower weight to upper chest. Press bar until arms are extended. Repeat.
EX312,Incline Bench Press,3,Intermediate,Cable,Chest,"Pectoralis Major Clavicular, Triceps Brachii, Anterior Deltoid",Compound,Push,Sit on seat and grasp stirrups to each side (attached to low cable pulleys). Lie back on incline back support. Position stirrups out to each side of chest with bent arm under each wrist.,"Push stirrups up over each shoulder until arms are straight and parallel to one another. Return stirrups to original position, until slight stretch is felt in chest or shoulders. Repeat."
EX313,Incline Chest Press,3,Intermediate,Cable,Chest,"Pectoralis Major Clavicular, Triceps Brachii, Anterior Deltoid",Compound,Push,"Sit on seat and grasp stirrups to each side (attached to medium height pulleys). Position elbows out to sides, slightly lower than shoulder height. Position hands back approximately shoulder height and elbow width.","Push stirrups away from body, slightly upward at 30º to 45º until arms are straight and parallel to one another. Return stirrups to original position until slight stretch is felt in chest or shoulders. Repeat."
EX314,Incline Fly,2,Beginner,Cable,Chest,"Pectoralis Major Clavicular, Anterior Deltoid",Isolated,Push,Sit on seat with stirrups in each hand (attached to low cable pulleys). Lie back on incline back support. Position stirrups out to each side of chest with bent arm under each wrist. Press stirrups over each shoulder until arms vertical. Bend elbows slightly and internally rotate shoulders so elbows point out to sides.,"Lower stirrups outward to sides of shoulders. Keep elbows fixed in slightly bent position. When a stretch is felt in chest or shoulders, bring stirrups back together in hugging motion above upper chest until stirrups are nearly together Repeat."
EX315,Incline Bench Press,3,Intermediate,Dumbbell,Chest,"Pectoralis Major Clavicular, Triceps Brachii, Anterior Deltoid",Compound,Push,Sit down on incline bench with dumbbells resting on lower thigh. Kick weights to shoulders and lean back. Position dumbbells to sides of chest with upper arm under each dumbbell.,Press dumbbells up with elbows to sides until arms are extended. Lower weight to sides of upper chest until slight stretch is felt in chest or shoulder. Repeat.
EX316,Incline Fly,2,Beginner,Dumbbell,Chest,"Pectoralis Major Clavicular, Anterior Deltoid",Isolated,Push,Grasp two dumbbells. Lie supine on bench. Support dumbbells above upper chest with arms fixed in slightly bent position. Bend elbows slightly and internally rotate shoulders so elbows point out to sides.,"Lower dumbbells outward to sides of shoulders. Keep elbows fixed in slightly bent position. When a stretch is felt in chest or shoulders, bring dumbbells back together in hugging motion above upper chest until dumbbells are nearly together. Repeat."
EX317,Incline Chest Press,3,Intermediate,Lever (plate loaded),Chest,"Pectoralis Major Clavicular, Triceps Brachii, Anterior Deltoid",Compound,Push,Sit on seat with upper chest just above grips on lever. Grasp grips with wide overhand grip and position elbows out to sides.,Press lever until arms are extended. Return weight until chest muscles are slightly stretched. Repeat.
EX318,Incline Chest Press: on Military Press Machine,3,Intermediate,Lever (plate loaded),Chest,"Pectoralis Major Clavicular, Triceps Brachii, Anterior Deltoid",Compound,Push,Sit on seat with upper chest just above grips on lever. Grasp grips with wide overhand grip and position elbows out to sides.,Press lever until arms are extended. Return weight until chest muscles are slightly stretched. Repeat.
EX319,Incline Bench Press,3,Intermediate,Lever (selectorized),Chest,"Pectoralis Major Clavicular, Triceps Brachii, Anterior Deltoid",Compound,Push,Lie supine on incline bench with upper chest under lever bar. Grasp lever bar with wide oblique overhand grip.,Press bar until arms are extended. Lower weight to upper chest. Repeat.
EX320,Incline Chest Press,3,Intermediate,Lever (selectorized),Chest,"Pectoralis Major Clavicular, Triceps Brachii, Anterior Deltoid",Compound,Push,"Sit on seat with upper chest just above grips on lever. If available, push foot lever until handles are within grasping range. Grasp handles with wide oblique overhand grip and position elbows out to sides. Release foot lever.",Press lever until arms are extended. Return weight until shoulders or chest feels slightly stretched. Repeat.
EX321,Incline Fly,2,Beginner,Lever (selectorized),Chest,"Pectoralis Major Clavicular, Anterior Deltoid",Compound,Push,Lie supine on bench. Position inside of forearms under roller pads with arms out to each side. Slightly bend elbows and internally rotate shoulders so elbows are back.,Raise lever upward and together in hugging motion. Lower weight until slight stretch is felt in chest or shoulder. Repeat.
EX322,Incline Bench Press,3,Intermediate,Smith,Chest,"Pectoralis Major Clavicular, Triceps Brachii, Anterior Deltoid",Compound,Push,Lie supine on incline bench with upper chest under bar. Grasp bar with wide oblique overhand grip. Disengage bar by rotating bar back.,Lower weight to upper chest. Press bar until arms are extended. Repeat.
EX323,Decline Push-up,3,Intermediate,Body Weight,Chest,"Pectoralis Major Clavicular, Triceps Brachii, Anterior Deltoid",Compound,Push,Kneel on floor with bench or elevation behind body. Position hands on floor slightly wider than shoulder width. Place feet on bench or elevation. Raise body in plank position with body straight and arms extended.,"Keeping body straight, lower upper body to floor by bending arms. To allow for full descent, pull head back slightly without arching back. Push body up until arms are extended. Repeat."
EX324,Decline Push-up: on stability ball,4,Advanced,Body Weight,Chest,"Pectoralis Major Clavicular, Triceps Brachii, Anterior Deltoid",Compound,Push,"Kneel with chest or waist on exercise ball. Dive over top and place hands on floor with arms extended down supporting upper body. While keeping body horizontal, walk hands further away from ball until thighs are positioned on top of ball and hands are slightly wider than shoulder width. Bend knees so feet are up above knees.","Keeping hips straight, lower upper body to floor by bending arms. To allow for full descent, pull head back slightly without arching back. Push body up until arms are extended. Repeat."
EX325,Chest Dip,3,Intermediate,Assisted,Chest,"Pectoralis Major Sternal, Triceps Brachii, Anterior Deltoid, Pectoralis Minor",Compound,Push,"Mountwide dip barwith oblique grip (bar diagonal under palm), arms straight with shoulders above hands. Step down onto assistance lever with hips and knees bent.","Lower body by bending arms, allowing elbows to flare out to sides. When slight stretch is felt in chest or shoulders, push body up until arms are straight. Repeat."
EX326,Standing Fly,2,Beginner,Cable,Chest,"Pectoralis Major Sternal, Anterior Deltoid",Isolated,Push,Grasp two opposing high pulley dumbbell attachments. Stand with pulleys to each side. Bend over slightly by flexing hips and knees. Bend elbows slightly and internally rotate shoulders so elbows are back initially.,Bring cable attachments together in hugging motion with elbows in fixed position. Keep shoulders internally rotated so elbows are pointed upward at top and out to sides at bottom. Return to starting position until chest muscles are stretched. Repeat.
EX327,Incline Shoulder Raise,2,Beginner,Barbell,Chest,"Serratus Anterior, Anterior Deltoid, Lateral Deltoid",Isolated,Push,Lie supine on incline bench. Dismount barbell from rack with shoulder width overhand grip. Position barbell over upper chest with elbows extended.,Raise shoulders toward bar as high as possible. Lower shoulders to bench and repeat.
EX328,Incline Shoulder Raise,2,Beginner,Cable,Chest,"Serratus Anterior, Anterior Deltoid, Lateral Deltoid",Isolated,Push,Sit on seat and grasp stirrups to each side. Push stirrups out at 30º to 45º until arms are straight and parallel to one another.,Raise shoulders toward stirrups as high as possible. Lower shoulders down and back and repeat.
EX329,Incline Shoulder Raise,2,Beginner,Dumbbell,Chest,"Serratus Anterior, Anterior Deltoid, Lateral Deltoid",Isolated,Push,Sit down on incline bench with dumbbells resting on lower thigh. Kick weights to shoulders and lean back. Position dumbbells above shoulders with elbows extended.,Raise shoulders toward dumbbells as high as possible. Lower shoulders to bench and repeat.
EX330,Incline Shoulder Raise,2,Beginner,Lever (plate loaded),Chest,"Serratus Anterior, Anterior Deltoid, Lateral Deltoid",Isolated,Push,Sit on lever chest press machine with shoulders aligned with lever grips. Grasp lever grips with shoulder width overhand grip. Push weight up so arms are straight.,Raise shoulders toward lever grips as far as possible. Lower shoulders to bench and repeat.
EX331,Incline Shoulder Raise,2,Beginner,Lever (selectorized),Chest,"Serratus Anterior, Anterior Deltoid, Lateral Deltoid",Isolated,Push,Sit on lever chest press machine with shoulders aligned with lever grips. Grasp lever grips with shoulder width overhand grip. Push weight up so arms are straight.,Raise shoulders toward lever grips as far as possible. Lower shoulders to bench and repeat.
EX332,Incline Shoulder Raise,2,Beginner,Smith,Chest,"Serratus Anterior, Anterior Deltoid, Lateral Deltoid",Isolated,Push,Lie supine on incline bench with shoulders under bar. Grasp bar with shoulder width overhand grip. Extend elbows. Disengage bar by rotating bar back.,Raise shoulders toward bar as high as possible. Lower shoulders to bench and repeat.
EX333,Push-up Plus,3,Intermediate,Body Weight,Chest,"Serratus Anterior, Triceps Brachii, Anterior Deltoid",Isolated,Push,Lie supine on incline bench with shoulders under bar. Grasp bar with shoulder width overhand grip. Extend elbows. Disengage bar by rotating bar back.,Raise shoulders toward bar as high as possible. Lower shoulders to bench and repeat.
EX334,Bent Knee Good-morning,3,Intermediate,Barbell,Hips,"Gluteus Maximus, Erector Spinae, Hamstrings",Isolated,Pull,Position barbell on back of shoulders and grasp bar to sides.,"Keeping back straight, bend hips to lower torso forward until parallel to floor. Bend knees slightly during descent. Raise torso until hips are extended. Repeat."
EX335,Deadlifts,5,Advanced,Barbell,Hips,"Gluteus Maximus, Erector Spinae, Trapezius, Quadriceps",Compound,Pull,With feet flat beneath bar squat down and grasp bar with shoulder width or slightly wider overhand or mixed grip.,"Lift bar by extending hips and knees to full extension. Pull shoulders back at top of lift if rounded. Return weights to floor by bending hips back while allowing knees to bend forward, keeping back straight and knees pointed same direction as feet. Repeat."
EX336,Deadlifts: Stiff-leg Deadlift Straight-back,4,Advanced,Barbell,Hips,"Gluteus Maximus, Erector Spinae, Hamstrings",Compound,Pull,"Stand with shoulder width or narrower stance on 5"" to 8"" (13-20 cm) platform with feet flat beneath bar. Bend over and grasp barbell with shoulder width or slightly wider overhand or mixed grip.","With knees bent, lift bar by extending at hips until standing upright. Pull shoulders back at top of lift if rounded. Extend knees at top if desired. Lower bar to top of feet by bending hips. Bend knees slightly during descent and keep waist straight, flexing only slightly at bottom. Repeat."
EX337,Hip Thrust,3,Intermediate,Barbell,Hips,"Gluteus Maximus, Hamstrings",Compound,Pull,"Stand with shoulder width or narrower stance on 5"" to 8"" (13-20 cm) platform with feet flat beneath bar. Bend over and grasp barbell with shoulder width or slightly wider overhand or mixed grip.","With knees bent, lift bar by extending at hips until standing upright. Pull shoulders back at top of lift if rounded. Extend knees at top if desired. Lower bar to top of feet by bending hips. Bend knees slightly during descent and keep waist straight, flexing only slightly at bottom. Repeat."
EX338,Lunge,3,Intermediate,Barbell,Hips,"Gluteus Maximus, Quadriceps, Hamstrings",Compound,Push,"Cleanbar from floor or dismount bar from rack. From rack with barbell upper chest height, position bar on back of shoulders and grasp barbell to sides.","Lunge forward with first leg. Land on heel, then forefoot. Lower body by flexing knee and hip of front leg until knee of rear leg is almost in contact with floor. Return to original standing position by forcibly extending hip and knee of forward leg. Repeat by alternating lunge with opposite leg."
EX339,Lunge: Rear Lunge,3,Intermediate,Barbell,Hips,"Gluteus Maximus, Quadriceps, Hamstrings",Compound,Push,"From rack with barbell upper chest height, position bar on back of shoulders and grasp barbell to sides. Dismount bar from rack.",Step back with one leg while bending supporting leg. Plant forefoot far back on floor. Lower body by flexing knee and hip of supporting leg until knee of rear leg is almost in contact with floor. Return to original standing position by extending hip and knee of forward supporting leg and return rear leg next to supporting leg. Repeat movement with opposite legs alternating between sides.
EX340,Single Leg Split Squat,4,Advanced,Barbell,Hips,"Gluteus Maximus, Quadriceps, Hamstrings",Compound,Push,Stand facing away from bench. Position bar on back of shoulders and grasp barbell to sides. Extend leg back and place top of foot on bench.,Squat down by flexing knee and hip of front leg until knee of rear leg is almost in contact with floor. Return to original standing position by extending hip and knee of forward leg. Repeat. Continue with opposite leg.
EX341,Single Leg Split Squat: Single Leg Squat,4,Advanced,Barbell,Hips,"Gluteus Maximus, Quadriceps, Hamstrings",Compound,Push,Stand with arms extended out in front holding barbell. Balance on one leg with opposite leg extended forward off of ground.,Squat down as far as possible while keeping leg elevated off of floor. Keep supporting knee pointed same direction as foot supporting. Raise body back up to original position until knee and hip of supporting leg is straight. Return and repeat. Continue with opposite leg.
EX342,Single Leg Split Squat: Split Squat,3,Intermediate,Barbell,Hips,"Gluteus Maximus, Quadriceps, Hamstrings",Compound,Push,Position barbell on back of shoulders and grasp barbell to sides. Stand with feet far apart; one foot forward and other foot behind.,Squat down by flexing knee and hip of front leg. Allow heel of rear foot to rise up while knee of rear leg bends slightly until it almost makes contact with floor. Return to original standing position by extending hip and knee of forward leg. Repeat. Continue with opposite leg.
EX343,Squat,4,Advanced,Barbell,Hips,"Gluteus Maximus, Quadriceps, Adductors",Compound,Push,"From rack with barbell at upper chest height, position bar low on back of shoulders. Grasp barbell to sides. Dismount bar from rack and stand with wide stance.",Squat down by flexing knee and hip of front leg. Allow heel of rear foot to rise up while knee of rear leg bends slightly until it almost makes contact with floor. Return to original standing position by extending hip and knee of forward leg. Repeat. Continue with opposite leg.
EX344,Squat: Front Squat,4,Advanced,Barbell,Hips,"Gluteus Maximus, Quadriceps, Adductors",Compound,Push,"From rack with barbell upper chest height, position bar in front of shoulders. Cross arms and place hands on top of barbell with upper arms parallel to floor. Dismount bar from rack.","Squat down by bending hips back while allowing knees to bend forward, keeping back straight and knees pointed same direction as feet. Descend until thighs are just past parallel. Extend knees and hips until legs are straight. Return and repeat."
EX345,Squat: Full Squat,5,Advanced,Barbell,Hips,"Gluteus Maximus, Quadriceps, Adductors",Compound,Push,"From rack with barbell upper chest height, position barbell on back of shoulders and grasp bar to sides. Dismount bar from rack.","Squat down by bending hips back while allowing knees to bend forward, keeping back straight and knees pointed same direction as feet. Descend until knees and hips are fully bent. Extend knees and hips until legs are straight. Return and repeat."
EX346,Squat: Safety Squat,4,Advanced,Barbell,Hips,"Gluteus Maximus, Quadriceps, Adductors",Compound,Push,Standing facing safety barbell on rack upper chest height. Position head in yoke with padded bar around shoulders. Hands can be placed on ends of yoke (as shown) or on safety bar out to sides. Dismount bar from rack and step back.,"Squat down by bending hips back while allowing knees to bend slightly forward, keeping back straight and knees pointed same direction as feet. Descend until thighs are just past parallel to floor. Stand by extending hips and knees until legs are straight. Repeat."
EX347,Step-up,3,Intermediate,Barbell,Hips,"Gluteus Maximus, Quadriceps, Hamstrings",Compound,Push,Stand facing side of bench. Position bar on back of shoulders and grasp barbell to sides.,Place foot of first leg on bench. Stand on bench by extending hip and knee of first leg and place foot of second leg on bench. Step down with second leg by flexing hip and knee of first leg. Return to original standing position by placing foot of first leg to floor. Repeat first step with opposite leg alternating first steps between legs.
EX348,Glute Kickback,2,Beginner,Cable,Hips,"Gluteus Maximus, Hamstrings",Compound,Push,Stand facing side of bench. Position bar on back of shoulders and grasp barbell to sides.,Place foot of first leg on bench. Stand on bench by extending hip and knee of first leg and place foot of second leg on bench. Step down with second leg by flexing hip and knee of first leg. Return to original standing position by placing foot of first leg to floor. Repeat first step with opposite leg alternating first steps between legs.
EX349,Rear Lunge,3,Intermediate,Cable,Hips,"Gluteus Maximus, Quadriceps, Hamstrings",Compound,Push,Stand between two very low pulleys with shoulder width or narrower stance. Squat down and grasp stirrup attachments to each side. Stand upright with arms straight down to sides.,Step back with one leg while bending supporting leg. Plant forefoot far back on floor. Lower body by flexing knee and hip of supporting leg until knee of rear leg is almost in contact with floor. Return to original standing position by extending hip and knee of forward supporting leg and return rear leg next to supporting leg. Repeat movement with opposite legs alternating between sides.
EX350,Split Squat,3,Intermediate,Cable,Hips,"Gluteus Maximus, Quadriceps, Hamstrings",Compound,Push,"Facing low pulley, kneel to attach cable belt or dip belt around waist. Place hand(s) on ballet bar or machine (not on guide rod!) for balance. Stand away from pulley with one leg forward and opposite leg to rear.",Squat down by flexing knee and hip of front leg. Allow heel of rear foot to rise up while knee of rear leg bends slightly until it almost makes contact with floor. Return to original straddle position by extending hip and knee of forward leg. Repeat. Continue with legs in opposite position.
EX351,Split Squat: Two Arms,3,Intermediate,Cable,Hips,"Gluteus Maximus, Quadriceps, Hamstrings",Compound,Push,Stand between two very low cable pulleys. Grasp stirrup attachments with each hand. Place one leg far forward and opposite leg far back to rear.,Squat down by flexing knee and hip of front leg. Allow heel of rear foot to rise up while knee of rear leg bends slightly until it almost makes contact with floor. Return to original straddle position by extending hip and knee of forward leg. Repeat. Continue with legs in opposite position.
EX352,Squat,4,Advanced,Cable,Hips,"Gluteus Maximus, Quadriceps, Adductors",Compound,Push,Stand with feet shoulder width or slightly wider on platform between very low and close pulley cables. Squat down with knees slightly beyond foot and shoulder above feet. Grasp stirrups to each side with arms straight.,"Keeping chest high and back straight, raise stirrups by extending knees and hips until legs are straight. Squat down by bending hips back while allowing knees to bend forward slightly, keeping back straight and knees pointed same direction as feet. Squat down until thighs are just past parallel to floor. Return and repeat."
EX353,Standing Hip Extension,2,Beginner,Cable,Hips,"Gluteus Maximus, Hamstrings",Isolated,Push,"Attach ankle cuff to low pulley. With cuff on one ankle, grasp ballet bar with both hands and step back with other foot. Elbows remain straight. Attached leg is straight and foot is slightly off floor.",Pull cable attachment back by extending hip. Return leg to original position. Repeat. Continue with opposite leg.
EX354,Standing Hip Extension: Bent-over,2,Beginner,Cable,Hips,"Gluteus Maximus, Hamstrings",Isolated,Push,"Attach ankle cuff to low pulley. With cuff on one ankle, grasp ballet bar with both hands and step far back with other foot. Arms remain extended to support body leaning forward. Leg with ankle cuff attached in slightly bent with foot off floor.",Pull cable attachment back by extending hip. Return leg to original position and repeat. Continue with opposite leg.
EX355,Step-up,3,Intermediate,Cable,Hips,"Gluteus Maximus, Quadriceps, Hamstrings",Compound,Push,Stand behind elevated platform and low and close pulley cables to sides. Grasp stirrups at each side of platform. Stand upright with arms straight down at sides.,Place foot of first leg on elevated platform. Stand on elevated platform by extending hip and knee of first leg and place foot of second leg on bench. Step down with second leg by flexing hip and knee of first leg. Return to original standing position by placing foot of first leg to lower position. Repeat first step with opposite leg alternating first steps between legs.
EX356,Stiff-leg Deadlift,4,Advanced,Cable,Hips,"Gluteus Maximus, Erector Spinae, Hamstrings",Compound,Pull,Stand on elevated platform between two very low pulleys with shoulder width or narrower stance. Squat down and grasp stirrup attachments to each side. Stand upright with arms straight down to sides.,"Bow forward by bending hips. Bend knees slightly during descent and keep waist straight, flexing low back at bottom. With knees slightly bent, raise torso by extending at waist, then hips, gradually extending knees until standing upright. Pull shoulders back slightly if rounded. Repeat."
EX357,Stiff-leg Deadlift: Straight-back,4,Advanced,Cable,Hips,"Gluteus Maximus, Erector Spinae, Hamstrings",Isolated,Pull,Stand between two very low pulleys with shoulder width or narrower stance. Squat down and grasp stirrup attachments to each side. Stand upright with arms straight down to sides.,"With back straight, bow forward by bending hips and bend knees slightly during descent. Raise torso by extending hips while gradually extending knees until standing upright. Pull shoulders back slightly if rounded. Repeat."
EX358,Lunge,3,Intermediate,Dumbbell,Hips,"Gluteus Maximus, Quadriceps, Hamstrings",Compound,Push,Stand with dumbbells grasped to sides.,Lunge forward with first leg. Land on heel then forefoot. Lower body by flexing knee and hip of front leg until knee of rear leg is almost in contact with floor. Return to original standing position by forcibly extending hip and knee of forward leg. Repeat by alternating lunge with opposite leg.
EX359,Lunge: Rear Lunge,3,Intermediate,Dumbbell,Hips,"Gluteus Maximus, Quadriceps, Hamstrings",Compound,Push,Stand with dumbbells grasped to sides.,Step back with one leg while bending supporting leg. Plant forefoot far back on floor. Lower body by flexing knee and hip of supporting leg until knee of rear leg is almost in contact with floor. Return to original standing position by extending hip and knee of forward supporting leg and return rear leg next to supporting leg. Repeat movement with opposite legs alternating between sides.
EX360,Split Squat,3,Intermediate,Dumbbell,Hips,"Gluteus Maximus, Quadriceps, Hamstrings",Compound,Push,Stand with dumbbells grasped to sides. Stand with feet far apart; one foot forward and other foot behind.,Squat down by flexing knee and hip of front leg. Allow heel of rear foot to rise up while knee of rear leg bends slightly until it almost makes contact with floor. Return to original standing position by extending hip and knee of forward leg. Repeat. Continue with opposite leg.
EX361,Squat,4,Advanced,Dumbbell,Hips,"Gluteus Maximus, Quadriceps, Adductors",Compound,Push,Stand with dumbbells grasped to sides.,"Squat down by bending hips back while allowing knees to bend forward slightly, keeping back straight and knees pointed same direction as feet. Descend until thighs are just past parallel to floor. Extend knees and hips until legs are straight. Return and repeat."
EX362,Squat: Front Squat,4,Advanced,Dumbbell,Hips,"Gluteus Maximus, Quadriceps, Adductors",Compound,Push,Stand with dumbbells grasped to sides. Clean dumbbells up to shoulders so side of each dumbbell rests on top of each shoulder. Balance dumbbells on shoulder by holding on to dumbbells with elbows flaring outward. Position feet shoulder width or slightly narrower apart.,"Squat down by bending hips back while allowing knees to bend forward slightly, keeping back straight and knees pointed same direction as feet. Descend until thighs are just past parallel to floor. Extend knees and hips until legs are straight. Return and repeat."
EX363,Step-up,3,Intermediate,Dumbbell,Hips,"Gluteus Maximus, Quadriceps, Hamstrings",Compound,Push,Stand with dumbbells grasped to sides facing side of bench.,"Place foot of first leg on bench. Stand on bench by extending hip and knee of first leg and place foot of second leg on bench. Step down with second leg by flexing hip and knee of first leg. Return to original standing position by placing foot of first leg to floor. Repeat first step with opposite leg, alternating first steps between legs."
EX364,Step-up: Step Down,3,Intermediate,Dumbbell,Hips,"Gluteus Maximus, Quadriceps, Hamstrings",Compound,Push,"Hold dumbbells in each hand down to sides and stand with one foot on bench. Position foot on bench to side, forward of straight knee.",Stand on bench by straightening leg and pushing body upward. Step down returning foot off of bench to floor and repeat. Continue with opposite position.
EX365,Deadlift,5,Advanced,Lever (plate loaded),Hips,"Gluteus Maximus, Erector Spinae, Trapezius, Quadriceps",Compound,Pull,Stand between lever handles to sides. Squat down with feet flat and grasp handles to sides.,"Lift lever by extending hips and knees to full extension. Pull shoulders back at top of lift if rounded. Return weight by bending hips back while allowing knees to bend forward slightly, keeping back straight and knees pointed same direction as feet. Repeat."
EX366,Deadlift: Stiff-leg Deadlift Straight-back,4,Advanced,Lever (plate loaded),Hips,"Gluteus Maximus, Erector Spinae, Hamstrings",Compound,Pull,Stand between lever handles with shoulder width or narrower stance. Squat down and grasp handles to each side. Stand upright with arms straight down to sides.,"Bow forward by bending hips. Bend knees slightly during descent and keep waist straight, flexing low back at bottom. With knees slightly bent, raise torso by extending at waist, then hips, gradually extending knees until standing upright. Pull shoulders back slightly if rounded. Repeat."
EX367,Leg Presses,3,Intermediate,Lever (plate loaded),Hips,"Gluteus Maximus, Quadriceps, Adductors",Compound,Push,Sit on machine with back on padded support. Place feet slightly high on platform. Extend hips and knees. Release dock lever and grasp handles to sides.,Flex hips and knees to lower lever until hips are completely flexed. Push platform by extending knees and hips. Repeat.
EX368,Leg Presses: 45° Leg Press,3,Intermediate,Lever (plate loaded),Hips,"Gluteus Maximus, Quadriceps, Adductors",Compound,Push,Sit on machine with back on padded support. Place feet slightly high on platform. Extend hips and knees. Release dock lever and grasp handles to sides.,Flex hips and knees to lower lever until hips are completely flexed. Push platform by extending knees and hips. Repeat.
EX369,Leg Presses: Lying Leg Press,3,Intermediate,Lever (plate loaded),Hips,"Gluteus Maximus, Quadriceps, Adductors",Compound,Push,Climb up steps to top of machine. Lie supine on horizontal padded platform with shoulders against pad. Place feet equally spaced and slightly high on platform. Grip handles above shoulder pads.,Push lever platform away by extending hips and knees until knees are straight. Return lever platform by flexing hips and knees until knees are just short of complete flexion or until hips are completely flexed. Repeat.
EX370,Leg Presses: Seated Leg Press,3,Intermediate,Lever (plate loaded),Hips,"Gluteus Maximus, Quadriceps, Adductors",Compound,Push,Sit on machine with back on padded support. Place feet slightly high on platform. Grasp handles to sides.,Push platform(s) away by extending knees and hips until knees are fully extended. Return until hips are completely flexed. Repeat.
EX371,Lying Hip Extension,2,Beginner,Lever (plate loaded),Hips,"Gluteus Maximus, Hamstrings",Isolated,Push,Lie on bench with knees legs over pads. Align hip joints with lever fulcrum. Strap hips down with belt. Grasp handles at each side.,Extend hips and knees until legs are straight. Return to original position by flexing hips and knees. Repeat.
EX372,Reverse Hyper-extension,3,Intermediate,Lever (plate loaded),Hips,"Gluteus Maximus, Erector Spinae, Hamstrings",Isolated,Push,"Place one leg in strap so it is positioned above ankle. Step up onto step built on side of apparatus with other foot. Lay torso and waist on bench and grasp handles. Place stepping foot inside of strap, just in front of leg already in strap. Position legs side by side. Feet should be above floor with legs hanging straight down.",Raise lever by extending hips as high as possible with legs nearly straight. Lower legs to original position. Repeat.
EX373,Single Leg Split Squat,4,Advanced,Lever (plate loaded),Hips,"Gluteus Maximus, Quadriceps, Hamstrings",Compound,Push,Stand between lever handles to sides. Extend leg back and place top of foot on cross bar. Squat down and grasp handles to sides.,"With chest high, lift lever by extending hips and knees to full extension. Return until knee of rear leg is almost in contact with floor. Repeat. Continue with opposite leg."
EX374,Single Leg Split Squat: Single Leg Squat,4,Advanced,Lever (plate loaded),Hips,"Gluteus Maximus, Quadriceps, Hamstrings",Compound,Push,Stand between handles facing away from fulcrum. Grasp both handles to sides and stand upright. Cross lower leg above knee of supporting leg.,"Bend knee forward slightly while allowing hips to bend back behind, keeping back straight and knee pointed same direction of foot. Squat down as low as possible. Extend knee and hip until leg is straight. Return and repeat. Continue with opposite leg."
EX375,Split Squat,3,Intermediate,Lever (plate loaded),Hips,"Gluteus Maximus, Quadriceps, Hamstrings",Compound,Push,Stand between lever handles to sides. Place forefoot of one foot on floor to rear and other foot slightly forward. Squat down and grasp handles to sides.,"With chest high, lift lever by extending hips and knees to full extension. Return until knee of rear leg is almost in contact with floor and repeat. Continue with opposite leg."
EX376,Squat,4,Advanced,Lever (plate loaded),Hips,"Gluteus Maximus, Quadriceps, Adductors",Compound,Push,Squat down to place shoulders under padded lever. Place feet shoulder width apart slightly in front of shoulders. Extend knees and hips until legs are straight. Release support lever.,"Squat down by bending hips back while allowing knees to bend forward slightly, keeping back straight and knees pointed same direction as feet. Descend by bending knees and hip until thighs are just past parallel to floor. Lift lever up by extending knees and hips until legs are straight. Repeat."
EX377,Squat: Front Squat,4,Advanced,Lever (plate loaded),Hips,"Gluteus Maximus, Quadriceps, Adductors",Compound,Push,Step onto platform facing padded levers. Squat down to place shoulders under padded lever. Place feet shoulder width apart on platform. Extend knees and hips until legs are straight. Release support lever if it does not disengage by itself.,"Lower lever by bending hips back while allowing knees to bend forward slightly, keeping back straight and knees pointed same direction as feet. Descend until thighs are just past parallel to floor. Lift lever up by extending knees and hips until legs are straight. Repeat."
EX378,Hip Extensions,2,Beginner,Lever (selectorized),Hips,"Gluteus Maximus, Hamstrings",Isolated,Push,"Step up onto platform. Position belly on wide pad, forearms on padded arm rest, and grip handles. Position bottom of foot on foot lever with lower leg under pad.",Push foot lever back by extending hip. Return leg to original position. Repeat. Reposition and continue with opposite leg.
EX379,Hip Extensions: Bent-over,2,Beginner,Lever (selectorized),Hips,"Gluteus Maximus, Hamstrings",Isolated,Push,"Step up onto platform. Position belly on wide pad, forearms on padded arm rest, and grip handles. Position bottom of foot on foot lever with lower leg under pad.",Push foot lever back by extending hip. Return leg to original position. Repeat. Reposition and continue with opposite leg.
EX380,Hip Extensions: Lying,2,Beginner,Lever (selectorized),Hips,"Gluteus Maximus, Hamstrings",Isolated,Push,"With leg lever positioned in the lower position, lie supine on machine with legs over padded bar. Align hip joints with lever fulcrum. Strap hips down with belt if available. Release leg lever and adjust until leg lever is in upper position. Grasp handles to sides of head.",Push padded leg bar down until hips are extended. Return and repeat.
EX381,Hip Extensions: Standing alternative machine,2,Beginner,Lever (selectorized),Hips,"Gluteus Maximus, Hamstrings",Isolated,Push,Stand on platform facing to one side and grasp bar for support. Place leg nearest machine on padded roller while standing on other leg.,Lower lever by extending hip. Return until knee is higher than hip. Repeat. Continue with opposite leg.
EX382,Leg Presses,3,Intermediate,Lever (selectorized),Hips,"Gluteus Maximus, Quadriceps, Adductors",Compound,Push,Sit on machine with back on padded support. Place feet slightly high on platform. Grasp handles to sides.,Extend knees and hips until knees are fully extended. Return until hips are completely flexed. Repeat.
EX383,Leg Presses: Seated Leg Press,3,Intermediate,Lever (selectorized),Hips,"Gluteus Maximus, Quadriceps, Adductors",Compound,Push,Sit on machine with back on padded support. Place feet slightly high on platform. Grasp handles to sides.,Extend knees and hips until knees are fully extended. Return until hips are completely flexed. Repeat.
EX384,Glute Kickback,2,Beginner,Lever (selectorized),Hips,"Gluteus Maximus, Hamstrings",Compound,Push,Lean over padded surface and grasp handles. Bend knee and position foot against lever platform or pedal.,Push platform or pedal back by extending leg. Return leg to original position. Repeat. Continue with opposite leg.
EX385,Glute Kickback: Bent-over,2,Beginner,Lever (selectorized),Hips,"Gluteus Maximus, Hamstrings",Compound,Push,Lean over padded surface and grasp handles. Bend knee and position foot against lever platform or pedal.,Push platform or pedal back by extending leg. Return leg to original position. Repeat. Continue with opposite leg.
EX386,Glute Kickback: Kneeling,2,Beginner,Lever (selectorized),Hips,"Gluteus Maximus, Hamstrings",Compound,Push,"Kneel on machine by placing one knee on lower pad. Rest torso on middle pad, place forearms on padded arm rest, and grip handles. Position other foot of other leg up to lever platform.",Push platform back by extending leg back. Return leg to original position and repeat. Continue with opposite leg.
EX387,Glute Kickback: Standing,2,Beginner,Lever (selectorized),Hips,"Gluteus Maximus, Hamstrings",Compound,Push,Step on left platform with left foot. Grasp handle bars to each side. Place right foot on highest lever platform.,Push platform down by extending leg until straight. Return leg to original position. Repeat. Continue with opposite leg positions.
EX388,Squat,4,Advanced,Lever (selectorized),Hips,"Gluteus Maximus, Quadriceps, Adductors",Compound,Push,Squat down to place shoulders under padded lever. Place feet shoulder width apart slightly in front of shoulders.,"Raise lever up by extending knees and hips until legs are straight. Squat down by bending hips back while allowing knees to bend forward slightly, keeping back straight and knees pointed same direction as feet. Descend until thighs are just past parallel to floor. Return and repeat."
EX389,Squat: V-Squat,4,Advanced,Lever (selectorized),Hips,"Gluteus Maximus, Quadriceps, Adductors",Compound,Push,"Position shoulders under shoulder pads with back against back pad. Place feet on platform, shoulder or hip width apart. Squeeze hand lever. Keeping hand lever squeezed, squat down by bending hips and knees until knees or hips are just short of complete flexion. Release hand lever and raise up on sled just slightly until weight stack is engaged (click is heard).",Raise lever by extending knees and hips until legs are straight. Squat down with knees pointed same direction as feet. Descend until knees or hips are near complete flexion. Repeat.
EX390,Leg Presses,3,Intermediate,Sled,Hips,"Gluteus Maximus, Quadriceps, Adductors",Compound,Push,Sit on machine with back on padded support. Place feet slightly high on platform. Extend hips and knees. Release dock lever and grasp handles to sides.,Lower sled by flexing hips and knees until knees are just short of complete flexion or until hips are completely flexed. Return by extending knees and hips. Repeat.
EX391,Leg Presses: 45° Leg Press,3,Intermediate,Sled,Hips,"Gluteus Maximus, Quadriceps, Adductors",Compound,Push,Sit on machine with back on padded support. Place feet slightly high on platform. Extend hips and knees. Release dock lever and grasp handles to sides.,Lower sled by flexing hips and knees until knees are just short of complete flexion or until hips are completely flexed. Return by extending knees and hips. Repeat.
EX392,Leg Presses: Lying Leg Press,3,Intermediate,Sled,Hips,"Gluteus Maximus, Quadriceps, Adductors",Compound,Push,Lie supine on platform with shoulders against pad. Place feet slightly high on platform.,Extend hips and knees. Return until hips are completely flexed. Repeat.
EX393,Leg Presses: Seated Leg Press,3,Intermediate,Sled,Hips,"Gluteus Maximus, Quadriceps, Adductors",Compound,Push,Sit on machine with back on padded support. Place feet slightly high on platform. Grasp handles to sides.,Extend knees and hips until knees are fully extended. Return until hips are completely flexed. Repeat.
EX394,Glute Kickback,2,Beginner,Sled,Hips,"Gluteus Maximus, Hamstrings",Compound,Push,"Kneel on machine by placing knees on lower pad and feet against bars to rear, if available. Place forearms on padded armrest, and grip handles. Position one foot up so middle of sole is positioned under foot bar.",Push foot bar up by extending leg back as far as possible. Return leg to original position and repeat. Continue with opposite leg.
EX395,Glute Kickback: Kneeling,2,Beginner,Sled,Hips,"Gluteus Maximus, Hamstrings",Compound,Push,"Kneel on machine by placing knees on lower pad and feet against bars to rear, if available. Place forearms on padded armrest, and grip handles. Position one foot up so middle of sole is positioned under foot bar.",Push foot bar up by extending leg back as far as possible. Return leg to original position and repeat. Continue with opposite leg.
EX396,Glute Kickback: Standing,2,Beginner,Sled,Hips,"Gluteus Maximus, Hamstrings",Compound,Push,Straddle sled and place foot on pedal. Place chest on pad and grasp handles.,Push platform back by extending leg back until straight. Return leg to original position. Repeat. Continue with opposite leg.
EX397,Squat,4,Advanced,Sled,Hips,"Gluteus Maximus, Quadriceps, Adductors",Compound,Push,"Squat down to place shoulders under padded bars. Lean back against back pad if available. Place feet shoulder width apart, slightly in front of shoulders.","If hand or lever lock is available, disengage weight, squat to lowest position and re-engage lock. Lift sled by extending knees and hips until legs are straight. Lower sled by bending knees forward slightly while allowing hips to bend back behind, keeping back straight and knees pointed same direction as feet. Descend until thighs are just past parallel to floor. Return and repeat."
EX398,Squat: Hack Squat,4,Advanced,Sled,Hips,"Gluteus Maximus, Quadriceps, Adductors",Compound,Push,Lie supine on platform with shoulders against pad. Place feet high up on platform. Extend hips and knees. Release dock levers.,Lower sled by flexing hips and knees until hips are completely flexed. Raise sled by extending knees and hips. Repeat.
EX399,Deadlift,5,Advanced,Smith,Hips,"Gluteus Maximus, Erector Spinae, Trapezius, Quadriceps",Compound,Pull,Stand with shoulder width or narrower stance with feet flat beneath bar. Grasp bar with shoulder width or slightly wider mixed grip or slightly wider. Disengage bar by rotating bar back.,"Return weight toward floor by bending hips back while allowing knees to bend forward slightly, keeping back straight and knees pointed same direction as feet. Lift bar by extending hips and knees to full extension. Pull shoulders back at top of lift if rounded. Return and repeat."
EX400,Deadlift: Stiff-leg Deadlift Straight-back,4,Advanced,Smith,Hips,"Gluteus Maximus, Erector Spinae, Hamstrings",Compound,Pull,Stand with shoulder width or narrower stance on elevated platform with thigh against bar. Grasp bar with shoulder width or slightly wider overhand grip. Disengage bar by rotating bar back.,"With knees slightly bent, lower bar toward top of feet by bending hips. Keep waist straight, flexing only slightly at bottom. Lift bar by extending at hips until standing upright. Pull shoulders back slightly if rounded. Extend knees at top if desired. Repeat."
EX401,Rear Lunge,3,Intermediate,Smith,Hips,"Gluteus Maximus, Quadriceps, Hamstrings",Compound,Push,"With bar upper chest height, position bar on back of shoulders and grasp bar to sides. Place feet under bar or slightly forward. Straighten legs so weight is lifted. Disengage bar by rotating bar back. Place feet slightly forward.","Step back with one leg while bending supporting leg. Plant forefoot far back on floor. Lower body by flexing knee and hip of supporting leg until knee of rear leg is almost in contact with floor. Return to original standing position by extending hip and knee of forward supporting leg and return rear leg next to supporting leg. Repeat movement with opposite legs, alternating between sides."
EX402,Squat,4,Advanced,Smith,Hips,"Gluteus Maximus, Quadriceps, Adductors",Compound,Push,"With bar upper chest height, position bar on back of shoulders and grasp bar to sides. Place feet slightly forward. Disengage bar by rotating bar back.","Squat down by bending hips back while allowing knees to bend forward slightly, keeping back straight and knees pointed same direction as feet. Descend until thighs are just past parallel to floor. Extend knees and hips until legs are straight. Return and repeat."
EX403,Reverse Hyper-extension,3,Intermediate,Weighted,Hips,"Gluteus Maximus, Erector Spinae, Hamstrings",Isolated,Push,Place sandbag or medicine ball between ankles. Lay torso and waist on bench and grasp handles. Feet should be above floor with legs straight.,Raise weight by extending hips as high as possible until legs are nearly straight. Lower legs to original position. Repeat.
EX404,Single Leg Squat,4,Advanced,Weighted,Hips,"Gluteus Maximus, Quadriceps, Hamstrings",Compound,Push,"Stand with arms extended out in front, holding medicine ball or weight plate. Balance on one leg with opposite leg extended forward off of ground.",Squat down as far as possible while keeping leg elevated off of floor. Keep supporting knee pointed same direction as foot supporting. Raise body back up to original position until knee and hip of supporting leg is straight. Return and repeat. Continue with opposite leg.
EX405,Lunge,3,Intermediate,Body Weight,Hips,"Gluteus Maximus, Quadriceps, Hamstrings",Compound,Push,Stand with hands on hips or in front of body.,"Lunge forward with first leg. Land on heel, then forefoot. Lower body by flexing knee and hip of front leg until knee of rear leg is almost in contact with floor. Return to original standing position by forcibly extending hip and knee of forward leg. Repeat by alternating lunge with opposite leg."
EX406,Rear Lunge,3,Intermediate,Body Weight,Hips,"Gluteus Maximus, Quadriceps, Hamstrings",Compound,Push,Stand with hands on hips or in front of body.,"Lunge forward with first leg. Land on heel, then forefoot. Lower body by flexing knee and hip of front leg until knee of rear leg is almost in contact with floor. Return to original standing position by forcibly extending hip and knee of forward leg. Repeat by alternating lunge with opposite leg."
EX407,Single Leg Squat,4,Advanced,Body Weight,Hips,"Gluteus Maximus, Quadriceps, Hamstrings",Compound,Push,Stand with arms extended out in front. Balance on one leg with opposite leg extended forward off of ground.,Squat down as far as possible while keeping leg elevated off of floor. Keep back as straight as possible and supporting knee pointed same direction as foot supporting. Raise body back up to original position until knee and hip of supporting leg is straight. Repeat and continue with opposite leg.
EX408,Split Squat,3,Intermediate,Body Weight,Hips,"Gluteus Maximus, Quadriceps, Hamstrings",Compound,Push,Stand with hands on hips. Position feet far apart; one foot forward and other foot behind.,Squat down by flexing knee and hip of front leg. Allow heel of rear foot to rise up while knee of rear leg bends slightly until it almost makes contact with floor. Return to original standing position by extending hip and knee of forward leg. Repeat. Continue with opposite leg.
EX409,Split Squat: Single Leg Split Squat,4,Advanced,Body Weight,Hips,"Gluteus Maximus, Quadriceps, Hamstrings",Compound,Push,Stand facing away from bench. Extend leg back and place top of foot on bench.,Squat down by flexing knee and hip of front leg until knee of rear leg is almost in contact with floor. Return to original standing position by extending hip and knee of forward leg and repeat. Continue with opposite leg.
EX410,Single Leg Stiff Leg Deadlift,4,Advanced,Body Weight,Hips,"Gluteus Maximus, Erector Spinae, Hamstrings",Isolated,Pull,Stand with feet together and hands just in front of thighs. Lift leg slightly so foot is just off floor.,"Lower torso forward and downward while raising lifted leg back behind. Keep back straight and knee of supporting leg slightly bend. Keep hip and knee of lifted leg extended throughout movement. Once stretch is felt or hands contact floor, return to original position by raising torso while lowering lifted leg. Straighten knee of supporting leg as torso becomes upright. Repeat."
EX411,Squat,4,Advanced,Body Weight,Hips,"Gluteus Maximus, Quadriceps, Adductors",Compound,Push,Stand with arms extended forward.,"Squat down by bending hips back while allowing knees to bend forward slightly, keeping back straight and knees pointed same direction as feet. Descend until thighs are just past parallel to floor. Squat up by extending knees and hips until legs are straight. Return and repeat."
EX412,Step-up,3,Intermediate,Body Weight,Hips,"Gluteus Maximus, Quadriceps, Hamstrings",Compound,Push,"Stand facing side of bench, step or platform.","Place foot of first leg on bench. Stand on bench by extending hip and knee of first leg and place foot of second leg on bench. Step down with second leg by flexing hip and knee of first leg. Return to original standing position by placing foot of first leg to floor. Repeat first step with opposite leg, alternating first steps between legs."
EX413,Step-up: Step Down,3,Intermediate,Body Weight,Hips,"Gluteus Maximus, Quadriceps, Hamstrings",Compound,Push,"Stand with one foot on bench or elevated surface. Position foot on elevated surface to side, forward of straight knee.",Stand on bench by straightening leg and pushing body upward. Step down returning foot off of bench to floor and repeat. Continue with opposite position.
EX414,Single Leg Squat (leg wrapped),4,Advanced,Self-assisted,Hips,"Gluteus Maximus, Quadriceps, Hamstrings",Compound,Push,"Stand with hand on hip height elevated surface or other tall, sturdy structure for support. Stand on one leg by wrapping leg around back of supporting leg so top of lifted foot is on outside of supporting leg's ankle.",Squat down by bending knee forward and hip back behind. Keep back straight and supporting knee pointed same direction as foot supporting. Descend until thigh is just past parallel to floor. Return to standing position with minimal assistance from wrapped leg. Stand to original position until knee and hip of supporting leg are straight. Return and repeat. Continue with opposite leg.
EX415,Step Down,3,Intermediate,Self-assisted,Hips,"Gluteus Maximus, Quadriceps, Hamstrings",Compound,Push,Stand with one foot on bench or elevated surface. Position foot on elevated surface to side and forward of straight knee.,Stand on bench by straightening leg and pushing body upward. Step down returning foot off of bench to floor and repeat. Continue with opposite position.
EX416,Hip Bridge,2,Beginner,Suspension Straps,Hips,"Gluteus Maximus, Hamstrings",Isolated,Push,"Sit on floor facing suspension trainer loops in low position. Grasp bottom of loops, then lay supine. Raise legs and place heels in loops with soles contacting handles. Lie down supine on mat so knees and hips are bent with suspension straps hanging vertical. Place arms off to sides.",Raise hips up by extending hips until fully extended. Lower hips until hips and back make contact with mat. Repeat.
EX417,Single Leg Squat,4,Advanced,Suspension Straps,Hips,"Gluteus Maximus, Quadriceps, Hamstrings",Compound,Push,"Grasp suspension handles and momentarily step back until arms are extended forward and straight. While keeping arms straight and shoulders back, step forward so body reclines back behind suspension handles. Position body and legs straight at desired angle hanging from handles with arms straight. Balance on one leg with opposite leg extended forward off of ground.","Squat down as far as possible while keeping leg elevated off of floor. Keep supporting knee pointed same direction as foot supporting. Raise body back, up to original position until knee and hip of supporting leg is straight. Repeat and continue with opposite leg."
EX418,Single Leg Split Squat,4,Advanced,Suspension Straps,Hips,"Gluteus Maximus, Quadriceps, Hamstrings",Compound,Push,Grasp one or both suspension trainer handle(s) in lower position. Step and face away from suspension trainers. Balance on one leg while raising foot from behind and slipping single foot in loop(s). Release handle with hand and position leg back so it is supported behind body by suspension trainer. Place hands on hips and maintain balance throughout exercise.,Squat down by flexing knee and hip of front leg until knee of rear leg is almost in contact with floor. Return to original standing position by extending hip and knee of forward leg and repeat. Continue with opposite leg.
EX419,Hip Abduction,2,Beginner,Cable,Hips,"Hip Abductors, Gluteus Maximus",Isolated,Push,Stand in front of low pulley facing to one side. Attach cable cuff to far ankle. Step out away from stack and grasp ballet bar. Stand on near foot and allow far leg to cross in front.,Move leg to opposite side of low pulley by abduction hip. Return and repeat. Turn around and continue with opposite leg.
EX420,Seated Hip Internal Rotation,1,Beginner,Cable,Hips,"Hip Abductors, Gluteus Maximus",Isolated,Pull,"Sit on bench or chair with low pulley to side. Attach cable ankle cuff to ankle furthest pulley. Place foot of stationary leg just forward of foot attached to cable. Grasp bench and handle bar on cable column if available. Position thighs of both legs side by side, perpendicular to cable. Raise foot attached to cable slightly off of floor.","Keeping knee of attached leg bent approximately 90°, pull cable attachment away from pulley by rotating hip as far as possible. Return foot behind stationary foot and toward pulley. Repeat. Place ankle cuff on opposite leg and continue facing opposite direction."
EX421,Lying Hip Abduction,2,Beginner,Dumbbell,Hips,"Hip Abductors, Gluteus Maximus",Isolated,Push,"Lie on side on floor or mat. Extend top leg down straight and position lower leg back underneath. Grasping dumbbell with hand of arm furthest from floor, position dumbbell as low as possible on top side of thigh.","Raise weighted leg up off ground as high as possible, keeping dumbbell positioned on side of upper thigh. Return to leg to floor and repeat. Repeat and continue with opposite leg."
EX422,Seated Hip Abduction,2,Beginner,Lever (plate loaded),Hips,"Hip Abductors, Gluteus Maximus",Isolated,Push,Stand near side of apparatus. Place one leg onto far padded lever and sit on seat. Lift other leg onto other padded lever. Lean back onto back pad. Grasp handles to sides.,Move legs away from one another as far as possible. Return and repeat.
EX423,Seated Hip Abduction,2,Beginner,Lever (selectorized),Hips,"Hip Abductors, Gluteus Maximus",Isolated,Push,"Sit on machine with legs inside of side pads. If available, place heels on foot bars. Release and pull lever brace to position legs together. Engage lever into locked position. Lie back and grasp bars to sides.",Move legs apart as far as possible. Return and repeat.
EX424,Standing Hip Abduction,2,Beginner,Lever (selectorized),Hips,"Hip Abductors, Gluteus Maximus",Isolated,Push,Adjust platform so lever fulcrum is same height as hip articulation. Adjust roller in low position. Face machine and grasp bars to sides. Place outside of thigh against roller pad and shift body weight to opposite leg.,Raise leg against roller pad to side by abduction hip. Return and repeat. Reposition roller pad lever and continue with opposite leg.
EX425,Lying Hip Abduction,2,Beginner,Weighted,Hips,"Hip Abductors, Gluteus Maximus",Isolated,Push,"Sit on floor or mat with bar, plates loaded on one side. Sit on hip with knees bent and place bar on outside of shoe with weight plate(s) positioned beyond foot. Holding on to opposite end of bar, lie on side with weighted leg extended out straight and lower leg bent underneath.",Raise weighted leg up off ground as high as possible. Balance bar on side of foot while holding onto closest side of bar. Return to floor and repeat. Continue with opposite leg.
EX426,Twist,2,Beginner,Cable,Hips,"Hip Flexors, Obliques, Rectus Abdominis",Isolated,Pull,"Grasp stirrup from shoulder height cable pulley with both hands. Step and turn lower body away from pulley until near arm is horizontal and straight. Position feet wide apart facing away from pulley, furthest foot further away from pulley. Raise heel of nearest foot off floor. Bend knees of both legs slightly. Place far hand over other hand or interlace fingers.","Keeping arms straight, rotate torso to opposite side until cable makes contact with shoulder. Return to original position and repeat. Continue with opposite side."
EX427,Hip Abduction,2,Beginner,Suspension Straps,Hips,Hip Abductors,Isolated,Push,"Sit on floor facing suspension trainer loops in low position. Grasp bottom of loops, then lay supine. Raise legs and place heels in loops with soles contacting handles. Extend legs out and place arms on floor off to sides. Straighten low back, knees, and hips, raising back and hips off of floor.",Pull legs apart as far as possible. Return by placing legs together and repeat.
EX428,Side Bend,2,Beginner,Suspension Straps,Hips,"Hip Flexors, Obliques, Quadratus Lumborum",Isolated,Pull,"Grasp handles, step away, and face body to one side of suspension trainer anchor. Hold handles above head with arms bent. Stand far enough away to make suspension trainer straps taut. Step in just enough to achieve desired lean of body, while keeping tension on suspension trainer straps.",Lower hips away from direction of suspension trainer anchor by laterally flexing spine. Return to original upright position and repeat. Reposition body facing opposite direction. Continue with other side.
EX429,Assisted Wheel Rollout,3,Intermediate,Cable,Hips,"Hip Flexors, Rectus Abdominis, Anterior Deltoid",Isolated,Pull,"With ab wheel attached to cable via double looped strap attachment, straddle cable facing away from low pulley. Kneel with both knees on mat. Grasp handles on wheel to each side with overhand grip. Position wheel near front of knees and lean over wheel with arms extended downward, supporting upper body.","With arms straight, roll wheel out as far as possible. Lower body gently to floor extending arms forward. Raise body back up by flexing hips and pulling arms back to original position. Return until hips are extended. Repeat."
EX430,Lying Leg Raise,2,Beginner,Cable,Hips,"Hip Flexors, Rectus Abdominis",Isolated,Pull,"Attach cable ankle straps to both ankles, then attach ankle straps to cable. Lie supine on floor or mat, back far enough so cable is taut. Grasp support behind head.",Raise legs by flexing hips and knees until thighs are just past perpendicular to torso or before hips raise off of bench. Return until hips and knees are extended. Repeat.
EX431,Lying Leg Raise: on bench,2,Beginner,Cable,Hips,"Hip Flexors, Rectus Abdominis",Isolated,Pull,Attach cable ankle straps to both ankles. Sit on end of bench facing pulley at bench height. Attach cable to both ankle straps. Lie supine on bench until cable is taut. Grasp sides of bench behind head.,Raise legs by flexing hips and knees until thighs are past perpendicular to torso or before hips raise off of bench. Return until hips and knees are extended. Repeat.
EX432,Lying Leg Raise: Straight Leg,3,Intermediate,Cable,Hips,"Hip Flexors, Rectus Abdominis",Isolated,Pull,"Attach cable ankle straps to both ankles, then attach ankle straps to cable. Lie supine on floor, mat, or bench back far enough so cable is taut. Grasp support behind head.","With knees straight, raise legs by flexing hips until thighs are just past perpendicular to torso or before hips raise off of mat. Return until hips are extended. Repeat."
EX433,Standing Leg Raise,2,Beginner,Cable,Hips,"Hip Flexors, Quadriceps",Isolated,Pull,Attach cable ankle cuff to one ankle. Stand facing away from low pulley. Step forward with opposite leg so leg with cuff is pulled back. Grasp lateral bars or other prop for support.,"Raise knee by flexing hip while allowing lower leg to bend back under resistance. When thigh is just beyond horizontal, lower leg until hip and knee is extended. Repeat. Continue with opposite leg."
EX434,Standing Leg Raise: Straight Leg,3,Intermediate,Cable,Hips,"Hip Flexors, Quadriceps",Isolated,Pull,"Stand facing away from low pulley. Place foot in cable boot or foot harness. Grasp lateral bars or other prop for support. Stand forward on free leg, allowing leg attached to cable to be pulled back.",Raise leg upward by flexing hip while keeping knee straight. Raise leg as high as possible. Lower leg to original starting position. Repeat. Continue with opposite leg.
EX435,Hip Flexion,2,Beginner,Lever (selectorized),Hips,"Hip Flexors, Iliopsoas",Isolated,Pull,Stand on platform facing to one side and grasp bar for support. Position front of leg nearest to machine against padded roller while standing on other leg.,Raise lever by flexing hip until knee is higher than hip. Return until hip is extended. Repeat. Continue with opposite leg.
EX436,Lying Leg Raise,2,Beginner,Lever (selectorized),Hips,"Hip Flexors, Rectus Abdominis",Isolated,Pull,Sit on end of bench with both legs over padded lever and hips aligned with fulcrum. Strap legs onto padded lever. Lie supine on bench. Grasp handles near head.,Raise legs by flexing hips until they are completely flexed. Lower legs until hips are extended. Repeat.
EX437,Vertical Leg Raise,4,Advanced,Lever (selectorized),Hips,"Hip Flexors, Rectus Abdominis",Isolated,Pull,Grasp handles slightly to front and stand on foot bar with knees slightly bent and hips against pad.,"With back straight, raise legs as high as possible by flexing hips. Return and repeat."
EX438,Decline Sit-up,3,Intermediate,Weighted,Hips,"Hip Flexors, Rectus Abdominis",Isolated,Pull,Sit on apparatus with lower leg secured under padded bar. Hold weight in front of chest (as shown) orbehind neckor use no weight.,Lower body back until hips are almost extended. Raise body by flexing hips until torso is upright. Repeat.
EX439,Hanging Leg Raise,4,Advanced,Weighted,Hips,"Hip Flexors, Rectus Abdominis",Isolated,Pull,Place weight between ankles or use no weight. Grasp and hang from high bar.,Raise legs by flexing hips and knees until hips are completely flexed or knees are well above hips. Return until hips and knees are extended. Repeat.
EX440,Hanging Leg Raise: Straight Leg,5,Advanced,Weighted,Hips,"Hip Flexors, Rectus Abdominis",Isolated,Pull,Place weight between ankles or use no weight. Grasp and hang from high bar.,"With knees straight, raise legs by flexing hips until thighs are just past parallel to floor. Return until hips are extended downward. Repeat."
EX441,Incline Leg Raise,3,Intermediate,Weighted,Hips,"Hip Flexors, Rectus Abdominis",Isolated,Pull,Sit on incline board. Place weight between feet or use no weight. Lie supine on incline board with torso elevated. Grasp feet hooks or sides of board for support.,Raise legs by flexing hips and knees until hips are completely flexed. Return until hips and knees are extended. Repeat.
EX442,Incline Leg Raise: arms on pads,3,Intermediate,Weighted,Hips,"Hip Flexors, Rectus Abdominis",Isolated,Pull,Sit on bottom edge of incline board and place weight between feet. Lie back on incline board. Grasp handles and place forearms on arm pads to each side.,Raise legs by flexing hips and knees until hips are completely flexed. Return until hips and knees are extended. Repeat.
EX443,Incline Straight Leg Raise,4,Advanced,Weighted,Hips,"Hip Flexors, Rectus Abdominis",Isolated,Pull,Sit on incline board. Place weight between ankles. Lie supine on incline board with torso elevated. Grasp feet hooks or sides of board for support.,"With knees straight, raise legs by flexing hips until thighs are just past perpendicular to torso. Return until hips and knees are extended. Repeat."
EX444,Incline Straight Leg Raise: arms on pads,4,Advanced,Weighted,Hips,"Hip Flexors, Rectus Abdominis",Isolated,Pull,Sit on bottom edge of incline board and place weight between feet. Lie back on incline board. Grasp handles and place forearms on arm pads to each side.,"With knees straight, raise legs by flexing hips until hips are flexed. Return until hips and knees are extended. Repeat."
EX445,Lying Leg Raise,2,Beginner,Weighted,Hips,"Hip Flexors, Rectus Abdominis",Isolated,Pull,Sit on end of bench. Place weight between feet. Lie supine on bench. Grasp bench on each side behind head for support.,Raise legs by flexing hips and knees until hips are completely flexed. Return until hips and knees are extended. Repeat.
EX446,Roman Chair Sit-up,3,Intermediate,Weighted,Hips,"Hip Flexors, Rectus Abdominis",Isolated,Pull,Sit on apparatus with lower leg secured under padded bar. Hold weight to front of chest or behind neck or use no weight.,Lower body back until hips are almost extended. Raise body by flexing hips until torso is upright. Repeat.
EX447,Seated Leg Raise,2,Beginner,Weighted,Hips,"Hip Flexors, Rectus Abdominis",Isolated,Pull,Sit on edge of bench with legs extended to floor. Place weight between ankles. Grasp edge of bench. Lean torso back and balance bodyweight on edge of bench.,Raise legs by flexing hips and knees while pulling torso slightly forward to maintain balance. Return by extending hips and knees and lean torso back to counter balance. Repeat.
EX448,Vertical Leg Raise,4,Advanced,Weighted,Hips,"Hip Flexors, Rectus Abdominis",Isolated,Pull,"Place weight between ankles or use no weight. Position forearms on padded parallel bars with hands on handles, and back on vertical pad.",Raise legs by flexing hips and knees until hips are completely flexed or knees are well above hips. Return until hips and knees are extended. Repeat.
EX449,Vertical Leg Raise: on Parallel Bars,4,Advanced,Weighted,Hips,"Hip Flexors, Rectus Abdominis",Isolated,Pull,Place weight between ankles. Stand between parallel bars and grip bar on each side with overhand grip. Lift body off floor and balance body upright with arms straight.,Raise legs by flexing hips and knees until thighs are just past parallel to floor. Return until hips and knees are extended. Repeat.
EX450,Vertical Leg Raise: Straight Leg,5,Advanced,Weighted,Hips,"Hip Flexors, Rectus Abdominis",Isolated,Pull,"Place weight between ankles or use no weight. Position forearms on padded parallel bars with hands on handles, and back on vertical pad.","With knees straight, raise legs by flexing hips until thighs are just past parallel to floor. Return until hips are extended. Repeat."
EX451,Leg Raises,3,Intermediate,Body Weight,Hips,"Hip Flexors, Rectus Abdominis",Isolated,Pull,Grasp and hang from high bar with slightly wider than shoulder width overhand grip.,Raise legs by flexing hips and knees until hips are completely flexed or knees are well above hips. Return until hips and knees are extended downward. Repeat.
EX452,Leg Raises: Hanging Leg Raise with ab straps Straight Leg,5,Advanced,Body Weight,Hips,"Hip Flexors, Rectus Abdominis",Isolated,Pull,Grasp and hang from high bar with slightly wider than shoulder width overhand grip.,Raise legs by flexing hips and knees until hips are completely flexed or knees are well above hips. Return until hips and knees are extended downward. Repeat.
EX453,Leg Raises: Incline Leg Raise arms on pads,3,Intermediate,Body Weight,Hips,"Hip Flexors, Rectus Abdominis",Isolated,Pull,Lie supine on incline board with torso elevated. Grasp feet hooks or sides of board for support.,Raise legs by flexing hips and knees until hips are completely flexed. Return until hips and knees are extended. Repeat.
EX454,Leg Raises: Incline Straight Leg Raise arms on pads,4,Advanced,Body Weight,Hips,"Hip Flexors, Rectus Abdominis",Isolated,Pull,Sit on incline board. Lie supine on incline board with torso elevated. Grasp feet rollers or sides of board for support.,"With knees straight, raise legs by flexing hips until hips are completely flexed. Return until hips and knees are extended. Repeat."
EX455,Leg Raises: Lying Leg Raise Alternating on floor,2,Beginner,Body Weight,Hips,"Hip Flexors, Rectus Abdominis",Isolated,Pull,Lie supine on bench. Place hands under lower buttock on each side to support pelvis.,Raise legs by flexing hips and knees until thighs are completely flexed. Return until hips and knees are extended. Repeat.
EX456,Leg Raises: Lying Straight Leg Raise Alternating,3,Intermediate,Body Weight,Hips,"Hip Flexors, Rectus Abdominis",Isolated,Pull,Lie supine on bench or mat. Place hands under lower buttock on each side to support pelvis.,"Keeping knees straight, raise legs by flexing hips until hips are completely flexed. Return until hips and knees are extended. Repeat."
EX457,Leg Raises: Seated Leg Raise,2,Beginner,Body Weight,Hips,"Hip Flexors, Rectus Abdominis",Isolated,Pull,Sit on edge of bench with legs extended to floor. Place weight between ankles or use no weight. Grasp edge of bench. Lean torso back and balance body weight on edge of bench.,Raise legs by flexing hips and knees while pulling torso slightly forward to maintain balance. Return by extending hips and knees and lean torso back to counter balance. Repeat.
EX458,Leg Raises: Vertical Leg Raise on parallel bars Straight Leg,5,Advanced,Body Weight,Hips,"Hip Flexors, Rectus Abdominis",Isolated,Pull,"Position forearms on padded parallel bars with hands on handles, and back on vertical pad.",Raise legs by flexing hips and knees until hips are completely flexed or knees are well above hips. Return until hips and knees are extended. Repeat.
EX459,Jack-knife on Ball,3,Intermediate,Body Weight,Hips,"Hip Flexors, Rectus Abdominis",Isolated,Pull,"Kneel with chest or waist on exercise ball. Dive over top and place hands on floor with arms extended down supporting upper body. While keeping body horizontal, walk hands further away from ball until shins are positioned on top of ball. With arms vertical and straight, support body off of floor with body straight. See suggestedmount onto exercise ball.","Bend hips and knees, allowing shins to roll over top of ball. Pull knees toward chest until heels are under or near glutes. Return by extending hips and knees to original position. Repeat."
EX460,Roman Chair Sit-up,3,Intermediate,Body Weight,Hips,"Hip Flexors, Rectus Abdominis",Isolated,Pull,"Sit on chair or bench with lower leg secured under low over hang or heavy bar. Place hands on waist, chest, neck, or head depending upon desired difficulty.",Lower body back until hips are almost extended. Raise body by flexing hips until torso is upright. Repeat.
EX461,Scissor Kick,3,Intermediate,Body Weight,Hips,"Hip Flexors, Rectus Abdominis",Isolated,Pull,"Lie supine on bench or mat. Place hands under lower buttock on each side to support pelvis. Raise one leg up vertical with knee nearly straight. If lying on floor, raise other leg slightly off of floor.","Keeping knees nearly straight, simultaneously change positions of legs so vertical leg is lowered while lower leg is raised vertically. Continue alternating leg positions."
EX462,Wheel,3,Intermediate,Body Weight,Hips,"Hip Flexors, Rectus Abdominis, Anterior Deltoid",Isolated,Pull,"With feet strapped topower wheel,kneel on floor. Place hands shoulder width apart on floor. With arms vertical and straight, support body off of floor while rollingpower wheelback until body is straight.","Bend hips and knees, pulling legs under body. Pull bent knees toward chest, allowing rear end to raise upward. Return by extending hips and knees to original position. Repeat."
EX463,Wheel: Jack-Knife,4,Advanced,Body Weight,Hips,"Hip Flexors, Rectus Abdominis",Isolated,Pull,"With feet strapped topower wheel,kneel on floor. Place hands shoulder width apart on floor. With arms vertical and straight, support body off of floor while rollingpower wheelback until body is straight.","Bend hips and knees, pulling legs under body. Pull bent knees toward chest, allowing rear end to raise upward. Return by extending hips and knees to original position. Repeat."
EX464,Wheel: Rollout,4,Advanced,Body Weight,Hips,"Hip Flexors, Rectus Abdominis, Anterior Deltoid",Isolated,Pull,"Kneel on floor or mat. Grasp handles on wheel to each side with overhand grip. Position wheel near front of knees and lean over wheel with arms extended downward, supporting upper body.","With arms straight, roll wheel out as far as possible. Lower body gently to floor extending arms forward. Raise body back up by flexing hips and pulling arms back to original position. Return until hips are extended. Repeat."
EX465,Wheel: Pike,4,Advanced,Body Weight,Hips,"Hip Flexors, Rectus Abdominis",Isolated,Pull,"With feet strapped topower wheel,kneel on floor. Place hands shoulder width apart on floor. With arms vertical and straight, support body off of floor while rollingpower wheelback until body is straight.","From plank position, raise rear end up as high as possible by bending hips. Pullpower wheeltoward hands while keeping knees straight. Return by extending hips to original position. Repeat."
EX466,Discs,3,Intermediate,Body Weight,Hips,"Hip Flexors, Rectus Abdominis, Obliques",Isolated,Pull,"Kneel on floor with forefeet ongliding discs. Place hands shoulder width apart on floor. With arms vertical and straight, support body off of floor while slidinggliding discsback until body is straight.","From plank position, raise rear end up as high as possible by bending hips. Pullgliding discstoward hands while keeping knees straight. Return by extending hips to original position. Repeat."
EX467,Discs: Pike,4,Advanced,Body Weight,Hips,"Hip Flexors, Rectus Abdominis",Isolated,Pull,"Kneel on floor with forefeet ongliding discs. Place hands shoulder width apart on floor. With arms vertical and straight, support body off of floor while slidinggliding discsback until body is straight.","From plank position, raise rear end up as high as possible by bending hips. Pullgliding discstoward hands while keeping knees straight. Return by extending hips to original position. Repeat."
EX468,Mountain Climber,3,Intermediate,Suspension Straps,Hips,"Hip Flexors, Rectus Abdominis",Compound,Pull,"Sit on floor facing suspension trainer loops in low position. Place right foot in left lower loop. Cross left leg over right leg placed in right lower loop. Turn body to right and place hands on floor, shoulder width apart. Turn body to kneel on hands and knees. Reposition hands (shoulder width or slightly wider) at desired distance from suspension trainer so that body is square with suspension trainer straps. With arms straight, raise knees from ground so body is supported by arms and suspension trainer. Bend one leg so knee is pointing down while keeping other leg extended out straight.","Simultaneously alternate leg positions by straightening bent leg behind, while bending straight leg forward. Repeat."
EX469,Pike,3,Intermediate,Suspension Straps,Hips,"Hip Flexors, Rectus Abdominis",Isolated,Pull,"Sit on floor facing suspension trainer loops in low position. Place right foot in left lower loop. Cross left leg over right leg placed in right lower loop. Turn body to right and place hands on floor shoulder width apart. Turn body to kneel on hands and knees. Reposition hands (shoulder width or slightly wider) at desired distance from suspension trainer so that body is square with suspension trainer straps. With arms straight, raise knees from ground, so body is supported by arms and suspension trainer.","Raise rear end up as high as possible by bending hips. Pull feet toward hands, while keeping knees straight. Return by extending hips to original straight body position. Repeat."
EX470,Lunge,3,Intermediate,Barbell,Thighs,"Quadriceps, Gluteus Maximus",Compound,Push,"Cleanbar from floor or dismount bar from rack. From rack with barbell upper chest height, position bar on back of shoulders and grasp barbell to sides.","Lunge forward with first leg. Land on heel, then forefoot. Lower body by flexing knee and hip of front leg until knee of rear leg is almost in contact with floor. Return to original standing position by forcibly extending hip and knee of forward leg. Repeat by alternating lunge with opposite leg."
EX471,Lunge: Rear Lunge,3,Intermediate,Barbell,Thighs,"Quadriceps, Gluteus Maximus",Compound,Push,"From rack with barbell upper chest height, position bar on back of shoulders and grasp barbell to sides. Dismount bar from rack.",Step back with one leg while bending supporting leg. Plant forefoot far back on floor. Lower body by flexing knee and hip of supporting leg until knee of rear leg is almost in contact with floor. Return to original standing position by extending hip and knee of forward supporting leg and return rear leg next to supporting leg. Repeat movement with opposite legs alternating between sides.
EX472,Single Leg Split Squat,4,Advanced,Barbell,Thighs,"Quadriceps, Gluteus Maximus",Compound,Push,Stand facing away from bench. Position bar on back of shoulders and grasp barbell to sides. Extend leg back and place top of foot on bench.,Squat down by flexing knee and hip of front leg until knee of rear leg is almost in contact with floor. Return to original standing position by extending hip and knee of forward leg. Repeat. Continue with opposite leg.
EX473,Single Leg Split Squat: Side Split Squat,4,Advanced,Barbell,Thighs,"Quadriceps, Adductors",Compound,Push,Place barbell on back of shoulders and grasp bar on each side. Stand with feet wide apart; foot of lead leg angled out to side.,Lower body toward side of angled foot by bending knee and hip of lead leg while keeping opposite leg only slightly bent. Return to original standing position by extending hip and knee of lead leg. Repeat.
EX474,Single Leg Split Squat: Single Leg Squat,5,Advanced,Barbell,Thighs,"Quadriceps, Gluteus Maximus",Compound,Push,Stand with arms extended out in front holding barbell. Balance on one leg with opposite leg extended forward off of ground.,Squat down as far as possible while keeping leg elevated off of floor. Keep supporting knee pointed same direction as foot supporting. Raise body back up to original position until knee and hip of supporting leg is straight. Return and repeat. Continue with opposite leg.
EX475,Squat,3,Intermediate,Barbell,Thighs,"Quadriceps, Gluteus Maximus",Compound,Push,"From rack with barbell at upper chest height, position bar high on back of shoulders and grasp barbell to sides. Dismount bar from rack and stand with shoulder width stance.","Squat down by bending hips back while allowing knees to bend forward, keeping back straight and knees pointed same direction as feet. Descend until thighs are just past parallel to floor. Extend knees and hips until legs are straight. Return and repeat."
EX476,Squat: Front Squat,4,Advanced,Barbell,Thighs,"Quadriceps, Gluteus Maximus",Compound,Push,"From rack with barbell upper chest height, position bar in front of shoulders. Cross arms and place hands on top of barbell with upper arms parallel to floor. Dismount bar from rack.","Squat down by bending hips back while allowing knees to bend forward, keeping back straight and knees pointed same direction as feet. Descend until thighs are just past parallel. Extend knees and hips until legs are straight. Return and repeat."
EX477,Squat: Trap Bar Squat,3,Intermediate,Barbell,Thighs,"Quadriceps, Gluteus Maximus",Compound,Push,Stand on platform under loaded trap bar. Squat down until thighs are just past parallel to floor with knees pointed same direction as feet and feet flat on platform. Grasp handles to sides. Posture chest up with back arched tightly.,Lift weight upward by extending knees and hips until straight. Pull shoulders back at top of lift if rounded. Return weights to floor by bending hips back while allowing knees to bend forward. Repeat.
EX478,Step-up,3,Intermediate,Barbell,Thighs,"Quadriceps, Gluteus Maximus",Compound,Push,Stand facing side of bench. Position bar on back of shoulders and grasp barbell to sides.,"Place foot of first leg on bench. Stand on bench by extending hip and knee of first leg and place foot of second leg on bench. Step down with second leg by flexing hip and knee of first leg. Return to original standing position by placing foot of first leg to floor. Repeat first step with opposite leg, alternating first steps between legs."
EX479,Rear Lunge,3,Intermediate,Cable,Thighs,"Quadriceps, Gluteus Maximus",Compound,Push,Stand between two very low pulleys with shoulder width or narrower stance. Squat down and grasp stirrup attachments to each side. Stand upright with arms straight down to sides.,Step back with one leg while bending supporting leg. Plant forefoot far back on floor. Lower body by flexing knee and hip of supporting leg until knee of rear leg is almost in contact with floor. Return to original standing position by extending hip and knee of forward supporting leg and return rear leg next to supporting leg. Repeat movement with opposite legs alternating between sides.
EX480,Split Squat,3,Intermediate,Cable,Thighs,"Quadriceps, Gluteus Maximus",Compound,Push,Stand between two very low cable pulleys. Grasp stirrup attachments with each hand. Place one leg forward and opposite leg back to rear.,Squat down by flexing knee and hip of front leg. Allow heel of rear foot to rise up while knee of rear leg bends slightly until it almost makes contact with floor. Return to original straddle position by extending hip and knee of forward leg. Repeat. Continue with legs in opposite position.
EX481,Squat,3,Intermediate,Cable,Thighs,"Quadriceps, Gluteus Maximus",Compound,Push,"Stand with feet shoulder width or slightly wider on platform between very low and close pulley cables. Squat down with knees slightly beyond foot, hips bent back behind, back straight, knees pointed same direction as feet, and shoulder above feet. Grasp stirrups to each side with arms straight.","Keeping chest high and back straight, raise stirrups by extending knees and hips until legs are straight. Squat down by bending hips back while allowing knees to bend forward, keeping back straight and knees pointed same direction as feet. Squat down until thighs are just past parallel to floor. Return and repeat."
EX482,Step Down,3,Intermediate,Cable,Thighs,"Quadriceps, Gluteus Maximus",Compound,Push,Grasp cable stirrup(s) with both hands. Place one foot on elevated platform positioned near or between low pulleys.,Raise body by extending knee and hip on platform until leg is straight. Return until foot of lower leg makes contact with lower platform or floor and repeat. Continue with opposite leg.
EX483,Step-up,3,Intermediate,Cable,Thighs,"Quadriceps, Gluteus Maximus",Compound,Push,Stand behind elevated platform and low and close pulley cables to sides. Grasp stirrups at each side of platform. Stand upright with arms straight down at sides.,"Place foot of first leg on elevated platform. Stand on elevated platform by extending hip and knee of first leg and place foot of second leg on bench. Step down with second leg by flexing hip and knee of first leg. Return to original standing position by placing foot of first leg to lower position. Repeat first step with opposite leg, alternating first steps between legs."
EX484,Lunge,3,Intermediate,Dumbbell,Thighs,"Quadriceps, Gluteus Maximus",Compound,Push,Stand with dumbbells grasped to sides.,"Lunge forward with first leg. Land on heel, then forefoot. Lower body by flexing knee and hip of front leg until knee of rear leg is almost in contact with floor. Return to original standing position by forcibly extending hip and knee of forward leg. Repeat by alternating lunge with opposite leg."
EX485,Lunge: Rear Lunge,3,Intermediate,Dumbbell,Thighs,"Quadriceps, Gluteus Maximus",Compound,Push,Stand with dumbbells grasped to sides.,Step back with one leg while bending supporting leg. Plant forefoot far back on floor. Lower body by flexing knee and hip of supporting leg until knee of rear leg is almost in contact with floor. Return to original standing position by extending hip and knee of forward supporting leg and return rear leg next to supporting leg. Repeat movement with opposite legs alternating between sides.
EX486,Split Squat,3,Intermediate,Dumbbell,Thighs,"Quadriceps, Gluteus Maximus",Compound,Push,Stand with dumbbells grasped to sides. Position feet far apart; one foot forward and other foot behind.,Squat down by flexing knee and hip of front leg. Allow heel of rear foot to rise up while knee of rear leg bends slightly until it almost makes contact with floor. Return to original standing position by extending hip and knee of forward leg. Repeat. Continue with opposite leg.
EX487,Squat,3,Intermediate,Dumbbell,Thighs,"Quadriceps, Gluteus Maximus",Compound,Push,Stand with dumbbells grasped to sides.,"Squat down by bending hips back while allowing knees to bend forward, keeping back straight and knees pointed same direction as feet. Descend until thighs are just past parallel to floor. Extend knees and hips until legs are straight. Return and repeat."
EX488,Squat: Front Squat,4,Advanced,Dumbbell,Thighs,"Quadriceps, Gluteus Maximus",Compound,Push,Stand with dumbbells grasped to sides. Clean dumbbells up to shoulders so side of each dumbbell rests on top of each shoulder. Balance dumbbells on shoulder by holding on to dumbbells with elbows flaring outward. Position feet shoulder width or slightly narrower apart.,"Squat down by bending hips back while allowing knees to bend forward, keeping back straight and knees pointed same direction as feet. Descend until thighs are just past parallel to floor. Extend knees and hips until legs are straight. Return and repeat."
EX489,Step-up,3,Intermediate,Dumbbell,Thighs,"Quadriceps, Gluteus Maximus",Compound,Push,Stand with dumbbells grasped to sides facing side of bench.,Place foot of first leg on bench. Stand on bench by extending hip and knee of first leg and place foot of second leg on bench. Step down with second leg by flexing hip and knee of first leg. Return to original standing position by placing foot of first leg to floor. Repeat first step with opposite leg alternating first steps between legs.
EX490,Step-up: Step Down,3,Intermediate,Dumbbell,Thighs,"Quadriceps, Gluteus Maximus",Compound,Push,Hold dumbbells in each hand down to sides and stand with one foot on bench. Position foot on bench to side slightly forward of straight knee.,Stand on bench by straightening leg and pushing body upward. Step down returning foot off of bench to floor and repeat. Continue with opposite position.
EX491,Leg Presses,3,Intermediate,Lever (plate loaded),Thighs,"Quadriceps, Gluteus Maximus",Compound,Push,Sit on machine with back on padded support. Place feet on platform. Extend hips and knees. Release dock lever and grasp handles to sides.,Lower platform by flexing hips and knees until hips are completely flexed. Return by extending knees and hips. Repeat.
EX492,Leg Presses: 45° Leg Press,3,Intermediate,Lever (plate loaded),Thighs,"Quadriceps, Gluteus Maximus",Compound,Push,Sit on machine with back on padded support. Place feet on platform. Extend hips and knees. Release dock lever and grasp handles to sides.,Lower platform by flexing hips and knees until hips are completely flexed. Return by extending knees and hips. Repeat.
EX493,Leg Presses: Lying Leg Press,3,Intermediate,Lever (plate loaded),Thighs,"Quadriceps, Gluteus Maximus",Compound,Push,Climb up steps to top of machine. Lie supine on horizontal padded platform with shoulders against pad. Place feet equally spaced on platform. Grip handles above shoulder pads.,Push lever platform away by extending hips and knees until knees are straight. Return lever platform by flexing hips and knees until knees are just short of complete flexion or until hips are completely flexed. Repeat.
EX494,Leg Presses: Seated Leg Press,3,Intermediate,Lever (plate loaded),Thighs,"Quadriceps, Gluteus Maximus",Compound,Push,Sit on machine with back on padded support. Place feet on platform. Grasp handles to sides.,Push platform(s) away by extending knees and hips until knees are fully extended. Return until hips are completely flexed. Repeat.
EX495,Single Leg Squat (plate loaded),4,Advanced,Lever (plate loaded),Thighs,"Quadriceps, Gluteus Maximus",Compound,Push,Stand between handles facing away from fulcrum. Grasp both handles to sides and stand upright. Cross lower leg above knee of supporting leg.,"Bend knees forward slightly while allowing hips to bend back behind, keeping back straight and knees pointed same direction as feet. Squat down as low as possible. Extend knee and hip until leg is straight. Return and repeat. Continue with opposite leg."
EX496,Split Squat,3,Intermediate,Lever (plate loaded),Thighs,"Quadriceps, Gluteus Maximus",Compound,Push,Stand between lever handles to sides. Place forefoot of one foot on floor to rear and other foot slightly forward. Squat down and grasp handles to sides.,"With chest high, lift lever by extending hips and knees to full extension. Return until knee of rear leg is almost in contact with floor. Repeat. Continue with opposite leg."
EX497,Squat,3,Intermediate,Lever (plate loaded),Thighs,"Quadriceps, Gluteus Maximus",Compound,Push,Squat down to place shoulders under padded lever. Place feet shoulder width apart directly under shoulders. Extend knees and hips until legs are straight. Release support lever.,"Lower lever by bending hips back while allowing knees to bend forward, keeping back straight and knees pointed same direction as feet. Descend until thighs are just past parallel to floor. Lift lever up by extending knees and hips until legs are straight. Repeat."
EX498,Squat: Barbell Machine,3,Intermediate,Lever (plate loaded),Thighs,"Quadriceps, Gluteus Maximus",Compound,Push,"With bar upper chest height, position bar on back of shoulders and grasp bar to sides. Place feet under bar. Disengage bar by rotating bar back.","Squat down by bending hips back while allowing knees to bend forward, keeping back straight and knees pointed same direction as feet. Descend until thighs are just past parallel to floor. Extend knees and hips until legs are straight. Return and repeat."
EX499,Leg Extension,2,Beginner,Lever (selectorized),Thighs,Quadriceps,Isolated,Push,Sit on apparatus with back against padded back support. Place front of lower legs under padded lever. Position knee articulation at same axis as lever fulcrum. Grasp handles to sides for support.,Move lever forward and upward by extending knees until legs are straight. Return lever to original position by bending knees. Repeat.
EX500,Leg Presses,3,Intermediate,Lever (selectorized),Thighs,"Quadriceps, Gluteus Maximus",Compound,Push,Sit on machine with back on padded support. Place feet on platform. Grasp handles to sides.,Push platform away by extending knees and hips. Return and repeat.
EX501,Leg Presses: Seated Leg Press,3,Intermediate,Lever (selectorized),Thighs,"Quadriceps, Gluteus Maximus",Compound,Push,Sit on machine with back on padded support. Place feet on platform. Grasp handles to sides.,Push platform away by extending knees and hips. Return and repeat.
EX502,Squat,3,Intermediate,Lever (selectorized),Thighs,"Quadriceps, Gluteus Maximus",Compound,Push,Squat down to place shoulders under padded lever. Place feet shoulder width apart directly under shoulders.,"Lift lever up by extending knees and hips until legs are straight. Lower lever by bending hips back while allowing knees to bend forward, keeping back straight and knees pointed same direction as feet. Descend until thighs are just past parallel to floor. Return and repeat."
EX503,V-Squat,3,Intermediate,Lever (selectorized),Thighs,"Quadriceps, Gluteus Maximus",Compound,Push,"Position shoulders under shoulder pads with back against back pad. Place feet on platform, shoulder or hip width apart. Squeeze hand lever. Keeping hand lever squeezed, squat down by bending hips and knees until knees or hips are just short of complete flexion. Release hand lever and raise up on sled just slightly until weight stack is engaged (click is heard).",Raise sled by extending knees and hips until legs are straight. Squat down with knees pointed same direction as feet. Descend until knees or hips are near complete flexion. Repeat.
EX504,Leg Presses,3,Intermediate,Sled,Thighs,"Quadriceps, Gluteus Maximus",Compound,Push,Sit on machine with back on padded support. Place feet on platform. Extend hips and knees. Release dock lever and grasp handles to sides.,Lower sled by flexing hips and knees until knees are just short of complete flexion. Return by extending knees and hips. Repeat.
EX505,Leg Presses: 45° Leg Press,3,Intermediate,Sled,Thighs,"Quadriceps, Gluteus Maximus",Compound,Push,Sit on machine with back on padded support. Place feet on platform. Extend hips and knees. Release dock lever and grasp handles to sides.,Lower sled by flexing hips and knees until knees are just short of complete flexion. Return by extending knees and hips. Repeat.
EX506,Leg Presses: Lying Leg Press,3,Intermediate,Sled,Thighs,"Quadriceps, Gluteus Maximus",Compound,Push,Lie supine on sled with shoulders against pad. Place feet on platform.,Extend hips and knees. Flex hips and knees to descend until knees are just short of complete flexion. Repeat.
EX507,Leg Presses: Seated Leg Press,3,Intermediate,Sled,Thighs,"Quadriceps, Gluteus Maximus",Compound,Push,Sit on machine with back on padded support. Place feet on platform. Grasp handles to sides.,Push platform away by extending knees and hips. Return until hips are completely flexed. Repeat.
EX508,Squat,3,Intermediate,Sled,Thighs,"Quadriceps, Gluteus Maximus",Compound,Push,Position shoulders under padded bars. Place feet shoulder width apart directly under shoulders. Disengage lever brace if available.,"Squat down by bending hips back while allowing knees to bend forward, keeping back straight and knees pointed same direction as feet. Descend until thighs are just past parallel to floor. Raise sled by extending knees and hips until legs are straight. Return and repeat."
EX509,Squat: Hack Squat,3,Intermediate,Sled,Thighs,"Quadriceps, Gluteus Maximus",Compound,Push,Lie supine on back pad with shoulders under shoulder pad. Place feet on platform slightly higher than base of sled. Extend hips and knees. Release dock levers.,"To lower sled, bend hips and knees until knees are just short of complete flexion. Raise sled by extending knees and hips. Repeat."
EX510,Rear Lunge,3,Intermediate,Smith,Thighs,"Quadriceps, Gluteus Maximus",Compound,Push,"With bar upper chest height, position bar on back of shoulders and grasp bar to sides. Place feet under bar. Straighten legs so weight is lifted. Disengage bar by rotating bar back.",Step back with one leg while bending supporting leg. Plant forefoot far back on floor. Lower body by flexing knee and hip of supporting leg until knee of rear leg is almost in contact with floor. Return to original standing position by extending hip and knee of forward supporting leg and return rear leg next to supporting leg. Repeat movement with opposite legs alternating between sides.
EX511,Squat,3,Intermediate,Smith,Thighs,"Quadriceps, Gluteus Maximus",Compound,Push,"With bar upper chest height, position bar on back of shoulders and grasp bar to sides. Place feet under bar. Disengage bar by rotating bar back.","Squat down by bending hips back while allowing knees to bend forward, keeping back straight and knees pointed same direction as feet. Descend until thighs are just past parallel to floor. Extend knees and hips until legs are straight. Return and repeat."
EX512,Single Leg Squat,5,Advanced,Weighted,Thighs,"Quadriceps, Gluteus Maximus",Compound,Push,Stand with arms extended out in front holding medicine ball or weight plate. Balance on one leg with opposite leg extended forward off of ground.,Squat down as far as possible while keeping leg elevated off of floor. Keep supporting knee pointed same direction as foot supporting. Raise body back up to original position until knee and hip of supporting leg is straight. Return and repeat. Continue with opposite leg.
EX513,Rear Lunge,3,Intermediate,Body Weight,Thighs,"Quadriceps, Gluteus Maximus",Compound,Push,Stand with arms extended out in front holding medicine ball or weight plate. Balance on one leg with opposite leg extended forward off of ground.,Squat down as far as possible while keeping leg elevated off of floor. Keep supporting knee pointed same direction as foot supporting. Raise body back up to original position until knee and hip of supporting leg is straight. Return and repeat. Continue with opposite leg.
EX514,Lunge,3,Intermediate,Body Weight,Thighs,"Quadriceps, Gluteus Maximus",Compound,Push,Stand with hands on hips or in front of body.,"Lunge forward with first leg. Land on heel, then forefoot. Lower body by flexing knee and hip of front leg until knee of rear leg is almost in contact with floor. Return to original standing position by forcibly extending hip and knee of forward leg. Repeat by alternating lunge with opposite leg."
EX515,Single Leg Squat,5,Advanced,Body Weight,Thighs,"Quadriceps, Gluteus Maximus",Compound,Push,Stand with arms extended out in front. Balance on one leg with opposite leg extended forward off of ground.,Squat down as far as possible while keeping leg elevated off of floor. Keep back as straight as possible and supporting knee pointed same direction as foot supporting. Raise body back up to original position until knee and hip of supporting leg is straight. Repeat and continue with opposite leg.
EX516,Single Leg Squat: Box,4,Advanced,Body Weight,Thighs,"Quadriceps, Gluteus Maximus",Compound,Push,Stand with arms extended out in front. Balance on one leg with opposite leg extended forward off of ground.,Squat down as far as possible while keeping leg elevated off of floor. Keep back as straight as possible and supporting knee pointed same direction as foot supporting. Raise body back up to original position until knee and hip of supporting leg is straight. Repeat and continue with opposite leg.
EX517,Split Squat,3,Intermediate,Body Weight,Thighs,"Quadriceps, Gluteus Maximus",Compound,Push,Stand with hands on hips. Position feet far apart; one foot forward and other foot behind.,Squat down by flexing knee and hip of front leg. Allow heel of rear foot to rise up while knee of rear leg bends slightly until it almost makes contact with floor. Return to original standing position by extending hip and knee of forward leg. Repeat. Continue with opposite leg.
EX518,Split Squat: Single Leg Split Squat,4,Advanced,Body Weight,Thighs,"Quadriceps, Gluteus Maximus",Compound,Push,Stand facing away from bench. Extend leg back and place top of foot on bench.,Squat down by flexing knee and hip of front leg until knee of rear leg is almost in contact with floor. Return to original standing position by extending hip and knee of forward leg and repeat. Continue with opposite leg.
EX519,Squat,3,Intermediate,Body Weight,Thighs,"Quadriceps, Gluteus Maximus",Compound,Push,Stand with arms extended forward.,"Squat down by bending hips back while allowing knees to bend forward, keeping back straight and knees pointed same direction as feet. Descend until thighs are just past parallel to floor. Squat up by extending knees"
EX520,Step-up,3,Intermediate,Body Weight,Thighs,"Quadriceps, Gluteus Maximus",Compound,Push,"Stand facing side of bench, step or platform.","Place foot of first leg on bench. Stand on bench by extending hip and knee of first leg and place foot of second leg on bench. Step down with second leg by flexing hip and knee of first leg. Return to original standing position by placing foot of first leg to floor. Repeat first step with opposite leg, alternating first steps between legs."
EX521,Step-up: Step-down,3,Intermediate,Body Weight,Thighs,"Quadriceps, Gluteus Maximus",Compound,Push,"Stand with one foot on bench or elevated surface. Position foot on elevated surface to side, slightly forward of straight knee.",Stand on elevated surface by straightening leg and pushing body upward. Step down returning foot off of elevated surface to floor and repeat. Continue with opposite position.
EX522,Single Leg Squat (leg wrapped),4,Advanced,Self-assisted,Thighs,"Quadriceps, Gluteus Maximus",Compound,Push,"Place hand on waist high prop or other tall, sturdy structure for support. Stand on one leg by wrapping leg around back of supporting leg so top of lifted foot is on outside of supporting leg's ankle.",Squat down by bending knee forward and hip back behind. Keep back straight and supporting knee pointed same direction as foot supporting. Descend until thigh is just past parallel to floor. Return to standing position with minimal assistance from wrapped leg. Stand to original position until knee and hip of supporting leg are straight. Return and repeat. Continue with opposite leg.
EX523,Squat,3,Intermediate,Self-assisted,Thighs,"Quadriceps, Gluteus Maximus",Compound,Push,"Place hand on waist high prop or other tall, sturdy structure for support. Stand on one leg by wrapping leg around back of supporting leg so top of lifted foot is on outside of supporting leg's ankle.",Squat down by bending knee forward and hip back behind. Keep back straight and supporting knee pointed same direction as foot supporting. Descend until thigh is just past parallel to floor. Return to standing position with minimal assistance from wrapped leg. Stand to original position until knee and hip of supporting leg are straight. Return and repeat. Continue with opposite leg.
EX524,Step Down,3,Intermediate,Self-assisted,Thighs,"Quadriceps, Gluteus Maximus",Compound,Push,Stand with one foot on bench or elevated surface. Position foot on elevated surface to side slightly forward of straight knee.,Stand on bench by straightening leg and pushing body upward. Step down returning foot off of bench to floor and repeat. Continue with opposite position.
EX525,Single Leg Squat,5,Advanced,Suspension Straps,Thighs,"Quadriceps, Gluteus Maximus",Compound,Push,"Grasp suspension handles and momentarily step back until arms are extended forward and straight. While keeping arms straight and shoulders back, step forward so body reclines back behind suspension handles. Position body and legs straight at desired angle hanging from handles with arms straight. Balance on one leg with opposite leg extended forward off of ground.","Squat down as far as possible while keeping leg elevated off of floor. Keep supporting knee pointed same direction as foot supporting. Raise body back, up to original position until knee and hip of supporting leg is straight. Repeat and continue with opposite leg."
EX526,Single Leg Split Squat,4,Advanced,Suspension Straps,Thighs,"Quadriceps, Gluteus Maximus",Compound,Push,Grasp one or both suspension trainer handle(s) in lower position. Step and face away from suspension trainers. Balance on one leg while raising foot from behind and slipping single foot in loop(s). Release handle with hand and position leg back so it is supported behind body by suspension trainer. Place hands on hips and maintain balance throughout exercise.,Squat down by flexing knee and hip of front leg until knee of rear leg is almost in contact with floor. Return to original standing position by extending hip and knee of forward leg and repeat. Continue with opposite leg.
EX527,Glute-Ham Raise,4,Advanced,Barbell,Thighs,"Hamstrings, Gluteus Maximus",Isolated,Pull,"Place ankles between ankle roller pads with feet on vertical platform and position knees on pad with lower thighs against large padded hump. If barbell can safely be placed on horizontal handles, grasp barbell in upright position and place behind shoulders. If barbell is placed on floor, lower torso by extending knees and flexing hips, then position barbell on back of shoulders. Grasp bar to sides.","From lower position, raise torso by extending hips until fully extended. Continue to raise body by flexing knees until body is upright. Lower body by straightening knees until body is horizontal. Continue to lower torso by bending hips until body is upside down. Repeat."
EX528,Good-morning,3,Intermediate,Barbell,Thighs,"Hamstrings, Erector Spinae",Isolated,Pull,Position barbell on back of shoulders and grasp bar to sides.,"Keeping back straight, bend hips to lower torso forward until parallel to floor. Raise torso until hips are extended. Repeat."
EX529,Hyperextension,2,Beginner,Barbell,Thighs,"Hamstrings, Erector Spinae, Gluteus Maximus",Compound,Pull,Position thighs prone on large pad and lower leg under padded brace. Place barbell on back of shoulders and grasp bar to sides.,Raise upper body until hip and waist are fully extended. Lower body by bending hips and waist until fully flexed. Repeat.
EX530,Hyperextension (45°),2,Beginner,Barbell,Thighs,"Hamstrings, Erector Spinae, Gluteus Maximus",Compound,Pull,Position thighs prone on padding. Hook heels on platform lip or under padded brace. Place barbell on back of shoulders and grasp bar to sides.,Raise upper body until hip and waist are fully extended. Lower body by bending hips and waist until fully flexed. Repeat.
EX531,Straight-leg Deadlift,3,Intermediate,Barbell,Thighs,"Hamstrings, Erector Spinae",Compound,Pull,"Stand with shoulder width or narrower stance on shallow platform with feet flat beneath bar. Bend knees and bend over with lower back straight. Grasp barbell with shoulder width overhand or mixed grip, shoulder width or slightly wider. Lift weight to standing position.","With knees straight, lower bar toward top of feet by bending hips. After hips can no longer flex, bend waist as bar approaches top of feet. Lift bar by extending waist and hip until standing upright. Pull shoulders back slightly if rounded. Repeat."
EX532,Straight-leg Deadlift: Straight-back,3,Intermediate,Barbell,Thighs,"Hamstrings, Erector Spinae",Isolated,Pull,Grasp barbell from rack ordeadliftfrom floor with shoulder width or slightly wider overhand or mixed grip. Stand with shoulder width or narrower stance.,"With knees and back straight, lower bar by bending hips until hamstrings are tight, or just before lower back bends. Lift bar by extending hips until upright. Pull shoulders slightly back at top of lift if rounded. Repeat."
EX533,Lying Leg Curl,2,Beginner,Cable,Thighs,Hamstrings,Isolated,Pull,Attach two ankle cuffs to low pulley attachment. With cuffs on both ankles lie prone on flat bench with knees just beyond edge of bench. Grip under side or base of bench for support.,Raise ankles to glutes by flexing knees. Lower ankles until knees are straight. Repeat.
EX534,Standing Leg Curl,2,Beginner,Cable,Thighs,Hamstrings,Compound,Pull,"Attachfoot harnessto low pulley. With foot harness on one ankle, grasp support bar with both hands and step back with other foot. Elbows remain straight to support body. Attached foot is slightly off floor.",Pull cable attachment back by flexing knee until knee is fully flexed. Return by straightening knee to original position and repeat. Continue with opposite leg.
EX535,Straight-back Straight-leg Deadlift,3,Intermediate,Cable,Thighs,"Hamstrings, Erector Spinae",Isolated,Pull,Stand between two very low pulleys with shoulder width or narrower stance. Squat down and grasp stirrup attachments to each side. Stand upright with arms straight down to sides.,"With knees and back straight, bow forward by bending hips until hamstrings are tight, or just before lower back bends. Raise body upright by extending hips until standing. Pull shoulders back slightly at top of lift if rounded. Repeat."
EX536,Straight-back Straight-leg Deadlift,3,Intermediate,Dumbbell,Thighs,"Hamstrings, Erector Spinae",Isolated,Pull,Stand with shoulder width or narrower stance. Grasp dumbbells to each side.,"With knees straight, lower dumbbells by bending hips until hamstrings are tight, or just before lower back bends. Lift dumbbells by extending hips until straight. Pull shoulders back slightly at top of lift if rounded. Repeat."
EX537,Kneeling Leg Curl,2,Beginner,Lever (plate loaded),Thighs,Hamstrings,Isolated,Pull,Mount machine by placing supporting knee on horizontal pad and other leg under roller pad with knee against vertical pad. Grip handles and place forearm on padded arm rest.,Raise ankle to back of thigh by flexing knee. Lower ankle until knee is straight. Repeat. Continue with opposite leg.
EX538,Seated Leg Curl,2,Beginner,Lever (plate loaded),Thighs,Hamstrings,Isolated,Pull,Sit on apparatus with back against padded back support. Push hand lever to lower leg pads. Place legs in between pads. Release hand lever gradually. Grasp handles to sides with each hand.,Pull lever to back of thighs by flexing knees. Return lever until knees are straight. Repeat.
EX539,Straight-back Straight-leg Deadlift,3,Intermediate,Lever (plate loaded),Thighs,"Hamstrings, Erector Spinae",Isolated,Pull,Stand between lever handles with shoulder width or narrower stance. Squat down and grasp handles to each side. Stand upright with arms straight down to sides.,"With knees and back straight, bow forward by bending hips until hamstrings are tight, or just before lower back bends. Raise body upright by extending hips until standing. Pull shoulders back slightly at top of lift if rounded. Repeat."
EX540,Bent-over Leg Curl,2,Beginner,Lever (selectorized),Thighs,Hamstrings,Isolated,Pull,"Stand in machine with lower pads behind lower legs, upper pads in front of thighs, and lever fulcrum between knees. Bend over, placing forearms on pads, and grasp handles. Stand with body weight shifted on foot of resting leg and raise foot of exercising leg slightly off of floor or platform.",Raise lever up by bending knee as high as possible. Return lever until knee is straight. Repeat. Continue with opposite leg.
EX541,Kneeling Leg Curl,2,Beginner,Lever (selectorized),Thighs,Hamstrings,Isolated,Pull,Mount machine by placing supporting knee on horizontal pad and other leg under roller pad with knee against vertical pad. Grip handles and place forearm on padded arm rest.,Raise ankle to back of thigh by flexing knee. Lower ankle until knee is straight. Repeat. Continue with opposite leg.
EX542,Lying Leg Curl,2,Beginner,Lever (selectorized),Thighs,Hamstrings,Isolated,Pull,"Facing bench, stand between bench and lever pads. Lie prone on bench with knees just beyond edge of bench and lower legs under lever pads. Grasp handles.",Raise lever pad to back of thighs by flexing knees. Lower lever pads until knees are straight. Repeat.
EX543,Seated Leg Curl,2,Beginner,Lever (selectorized),Thighs,Hamstrings,Isolated,Pull,Sit on apparatus with back against padded back support. Place back of lower legs on top of far padded lever. Secure lap pad on thighs just above knees. Grasp handles on lap support.,Pull far padded lever toward back of thighs by flexing knees. Return lever until knees are straight. Repeat.
EX544,Standing Leg Curl,2,Beginner,Lever (selectorized),Thighs,Hamstrings,Isolated,Pull,Stand in machine with one or both legs between pads depending upon machine's design. Position exercising leg with lever pad behind lower leg and upper pad in front of lower thigh. Bend over and grasp handles for support if available. Stand with body weight shifted on foot of resting leg and raise foot of exercising leg slightly off of floor or platform.,Pull lever up to back of thigh by flexing knee. Return lever until knee is straight. Repeat. Continue with opposite leg.
EX545,Good-morning,3,Intermediate,Smith,Thighs,"Hamstrings, Erector Spinae",Isolated,Pull,Position bar on back of shoulders. Grasp bar to sides. Disengage bar by rotating bar back.,Bend hips to lower torso forward until parallel to floor. Raise torso until hips are extended. Repeat.
EX546,Straight-back Straight-leg Deadlift,3,Intermediate,Smith,Thighs,"Hamstrings, Erector Spinae",Isolated,Pull,Stand with shoulder width or narrower stance with thigh against bar. Grasp bar with shoulder width or slightly wider overhand grip. Disengage bar by rotating bar back.,"With knees and back straight, lower bar by bending hips until hamstrings are tight, or just before lower back bends. Lift bar by extending hips until straight. Pull shoulders back slightly if rounded. Repeat."
EX547,Glute-Ham Raise,4,Advanced,Weighted,Thighs,"Hamstrings, Gluteus Maximus",Isolated,Pull,Stand with shoulder width or narrower stance with thigh against bar. Grasp bar with shoulder width or slightly wider overhand grip. Disengage bar by rotating bar back.,"From upright position, lower body by straightening knees until body is horizontal. Continue to lower torso by bending hips until body is upside down. Raise torso by extending hips until fully extended. Continue to raise body by flexing knees until body is upright. Repeat."
EX548,Hyperextension,2,Beginner,Weighted,Thighs,"Hamstrings, Erector Spinae, Gluteus Maximus",Compound,Pull,Position thighs prone on large pad and lower leg under padded bar. Hold weight to chest or behind neck.,Raise upper body until hips and waist are fully extended. Lower body by bending hips and waist until fully flexed. Repeat.
EX549,Hyperextension (45°),2,Beginner,Weighted,Thighs,"Hamstrings, Erector Spinae, Gluteus Maximus",Compound,Pull,Position thighs prone on padding. Hook heels under platform lip or padded brace. Hold weight to chest or behind neck.,Raise upper body until hips and waist are fully extended. Lower body by bending hips and waist until fully flexed. Repeat.
EX550,Hamstring Raise,3,Intermediate,Resistance Band,Thighs,"Hamstrings, Gluteus Maximus",Compound,Pull,Position thighs prone on padding. Hook heels under platform lip or padded brace. Hold weight to chest or behind neck.,Raise upper body until hips and waist are fully extended. Lower body by bending hips and waist until fully flexed. Repeat.
EX551,Glute-Ham Raise,4,Advanced,Body Weight,Thighs,"Hamstrings, Gluteus Maximus",Isolated,Pull,Position thighs prone on padding. Hook heels under platform lip or padded brace. Hold weight to chest or behind neck.,"From upright position, lower body by straightening knees until body is horizontal. Continue to lower torso by bending hips until body is upside down. Raise torso by extending hips until fully extended. Continue to raise body by flexing knees until body is upright. Repeat."
EX552,Glute-Ham Raise: hands behind hips,4,Advanced,Body Weight,Thighs,"Hamstrings, Gluteus Maximus",Isolated,Pull,Position thighs prone on padding. Hook heels under platform lip or padded brace. Hold weight to chest or behind neck.,"From upright position, lower body by straightening knees until body is horizontal. Continue to lower torso by bending hips until body is upside down. Raise torso by extending hips until fully extended. Continue to raise body by flexing knees until body is upright. Repeat."
EX553,Single Leg Hanging Hamstring Bridge,4,Advanced,Body Weight,Thighs,"Hamstrings, Gluteus Maximus",Isolated,Pull,Position thighs prone on padding. Hook heels under platform lip or padded brace. Hold weight to chest or behind neck.,"From upright position, lower body by straightening knees until body is horizontal. Continue to lower torso by bending hips until body is upside down. Raise torso by extending hips until fully extended. Continue to raise body by flexing knees until body is upright. Repeat."
EX554,Single Leg 45° Hyperextension,3,Intermediate,Body Weight,Thighs,"Hamstrings, Erector Spinae, Gluteus Maximus",Isolated,Pull,Position thighs prone on padding. Hook heels under platform lip or padded brace. Hold weight to chest or behind neck.,"From upright position, lower body by straightening knees until body is horizontal. Continue to lower torso by bending hips until body is upside down. Raise torso by extending hips until fully extended. Continue to raise body by flexing knees until body is upright. Repeat."
EX555,Straight Hip Leg Curl (on ball),3,Intermediate,Body Weight,Thighs,Hamstrings,Isolated,Pull,Position thighs prone on padding. Hook heels under platform lip or padded brace. Hold weight to chest or behind neck.,"From upright position, lower body by straightening knees until body is horizontal. Continue to lower torso by bending hips until body is upside down. Raise torso by extending hips until fully extended. Continue to raise body by flexing knees until body is upright. Repeat."
EX556,Inverse Leg Curl,3,Intermediate,Self-assisted,Thighs,Hamstrings,Isolated,Pull,"Place elevated platform in front of glute-hamstring apparatus. Adjust padded supports and kneel upright in apparatus. Position knees against large roller pad or near-upper side of padded hump (depending on model), ankles between padded supports, and feet on platform.","Lower body with hips straight by slowly straightening knees. Position hands forward, ready to push body weight back up off of surface. Control descent only with hamstrings as low as possible before catching body by quickly placing hands on elevated platform and rapidly pushing off against platform, just enough to assist hamstrings in raising body upward. Return to upright kneeling position and repeat."
EX557,Leg Curl,2,Beginner,Suspension Straps,Thighs,Hamstrings,Isolated,Pull,"Sit on floor facing suspension trainer in low position. Place heels in loops with soles contacting handles. Lay supine, extend legs out straight, and place arms on floor off to sides. Straighten low back, knees, and hips, raising back and hips off of floor.",Pull heels toward rear end by bending knees and hips simultaneously. Return to original position by straightening knees and hips. Repeat.
EX558,Hanging Leg Curl,3,Intermediate,Suspension Straps,Thighs,Hamstrings,Isolated,Pull,"Sit on floor facing suspension trainer in low position. Place heels in loops with soles contacting handles. Lay supine, extend legs out straight, and place arms on floor off to sides. Straighten low back, knees, and hips, raising back and hips off of floor.",Pull heels toward rear end by bending knees and hips simultaneously. Return to original position by straightening knees and hips. Repeat.
EX559,Straight Hip Leg Curl,3,Intermediate,Suspension Straps,Thighs,Hamstrings,Isolated,Pull,"Sit on floor facing suspension trainer in low position. Place heels in loops with soles contacting handles. Lay supine, extend legs out straight, and place arms on floor off to sides. Straighten low back, knees, and hips, raising back and hips off of floor.","Bend knees, pulling heels toward rear end while keeping hips and low back straight. Raise up until lower legs are vertical or fully flexed. Lower body to original position by straightening knees, maintaining straight hip position. Repeat."
EX560,Hip Adduction,2,Beginner,Cable,Thighs,"Hip Adductors, Adductors",Isolated,Pull,Stand in front of low pulley facing to one side. Attach cable cuff to near ankle. Step out away from stack with wide stance and grasp ballet bar. Stand on far foot and allow near leg to be Pulled toward low pulley.,Move near leg just in front of far leg by abduction hip. Return and repeat. Turn around and continue with opposite leg.
EX561,Seated Hip Adduction,2,Beginner,Lever (plate loaded),Thighs,"Hip Adductors, Adductors",Isolated,Pull,Sit on seat and lift one leg onto padded lever. Lean back onto back pad. Grasp handles attatched to leg levers. Push handles together and raise other leg onto other padded lever. Release leg lever handles and grasp other handles to each side.,Move legs together until leg levers make contact. Allow legs to seperate far apart until slight stretch and repeat.
EX562,Seated Hip Adduction,2,Beginner,Lever (selectorized),Thighs,"Hip Adductors, Adductors",Isolated,Pull,"Sit in machine with legs outside of vertical center pads. If available, place heels on foot bars. Disengage and pull lever brace to position legs apart until slight stretch is felt. Engage lever into locked position. Lie back and grasp bars to sides.",Move legs together. Return and repeat.
EX563,Standing Hip Adduction,2,Beginner,Lever (selectorized),Thighs,"Hip Adductors, Adductors",Isolated,Pull,Adjust platform so lever fulcrum is same height as hip articulation. Adjust roller pad to side position. Face machine and grasp bars to sides. Place inside of thigh on roller pad and remain standing on supporting leg.,Move leg toward and across supporting leg Return and repeat. Reposition roller pad lever and continue with opposite leg.
EX564,Lying Hip Adduction,2,Beginner,Weighted,Thighs,"Hip Adductors, Adductors",Isolated,Pull,"Sit on floor or mat with bar, weight plates loaded on one side. Sit on hip with knees bent and place bar on inside of shoe with weight plate beyond foot. Holding on to opposite end of bar, lie on side with weighted leg extended out straight and upper leg extended behind.",Raise weighted leg up off floor as high as possible while balanciong bar inside of foot and holding onto nearest side of bar. Return to floor and repeat. Repeat and continue with opposite leg.
EX565,Standing Calf Raise,2,Beginner,Barbell,Calves,"Gastrocnemius, Soleus",Isolated,Push,Set barbell on power rack upper chest height with calf block under barbell. Position back of shoulders under barbell with both hands to sides. Position toes and balls of feet on calf block with arches and heels extending off. Lean barbell against rack and raise from supports by extending knees and hips. Support barbell against verticals with both hands to sides.,Raise heels by extending ankles as high as possible. Lower heels by bending ankles until calves are stretched. Repeat.
EX566,Standing Calf Raise,2,Beginner,Cable,Calves,"Gastrocnemius, Soleus",Isolated,Push,Place cable belt or dip belt around waist. Kneel before low pulley and attach belt to cable. Stand on calf block and grasp support bar for balance. Position toes and balls of feet on calf block with arches and heels extending off.,Raise heels by extending ankles as high as possible. Lower heels by bending ankles until calves are stretched. Repeat.
EX567,Standing Calf Raise: One Arm Single Leg Calf Raise,3,Intermediate,Cable,Calves,"Gastrocnemius, Soleus",Isolated,Push,Stand facing low pulley with platform on floor. Bend over and grasp stirrup attachment with one hand. Stand on edge of platform and grasp support bar for balance. Position toes and balls of feet on platform with arches and heels extending off. Lift one leg up off of floor.,Raise heel by extending ankle as high as possible. Lower heel by bending ankle until calf is stretched. Repeat.
EX568,Standing Calf Raise,2,Beginner,Dumbbell,Calves,"Gastrocnemius, Soleus",Isolated,Push,Grasp dumbbell in one hand to side. Position toes and balls of feet on calf block with arches and heels extending off. Place hand on support for balance.,Raise heels by extending ankles as high as possible. Lower heels by bending ankles until calves are stretched. Repeat.
EX569,Standing Calf Raise: Single Leg,3,Intermediate,Dumbbell,Calves,"Gastrocnemius, Soleus",Isolated,Push,Grasp dumbbell in one hand to side. Position toes and balls of feet on calf block with arches and heels extending off. Place hand on support for balance. Lift other leg to rear by bending knee.,Raise heel by extending ankle as high as possible. Lower heel by bending ankle until calf is stretched. Repeat. Continue with opposite leg.
EX570,45° Calf Press,3,Intermediate,Lever (plate loaded),Calves,"Gastrocnemius, Soleus",Isolated,Push,Sit on seat with back on padded support. Place feet on platform. Grasp handles to sides and extend hips and knees. Place toes and balls of feet on lower portion of platform with heels and arches extending off.,Push platform by extending ankles as far as possible. Return by bending ankles until calves are stretched. Repeat.
EX571,Calf Extension,2,Beginner,Lever (plate loaded),Calves,"Gastrocnemius, Soleus",Isolated,Push,Sit on seat and position forefeet on lever platform. Grasp handles to sides and straighten knees.,Push lever by extending ankle as far as possible. Return by bending ankles until calves are stretched. Repeat.
EX572,Seated Calf Press,2,Beginner,Lever (plate loaded),Calves,"Gastrocnemius, Soleus",Isolated,Push,Place seat away from platform. Sit on seat with lower back against back of seat. Place toes and balls of feet on lower portion of platform(s) with heels and arches extending off. Grasp handles to sides and straighten knees.,Push lever platform(s) by extending ankles as far as possible. Return by bending ankles until calves are stretched. Repeat.
EX573,Standing Calf Raise,2,Beginner,Lever (plate loaded),Calves,"Gastrocnemius, Soleus",Isolated,Push,Place shoulders under padded lever. Position toes and balls of feet on calf block with arches and heels extending off. Grasp handles or sides of padded lever. Stand erect by extending hips and knees.,Raise heels by extending ankles as high as possible. Lower heels by bending ankles until calves are stretched. Repeat.
EX574,45° Calf Raise,3,Intermediate,Lever (selectorized),Calves,"Gastrocnemius, Soleus",Isolated,Push,Sit on machine with low back against padding and grasp handles to sides. Position toes and balls of feet on lower portion of platform or foot bar with arches and heels extending off. Straighten knees.,Raise heels by extending ankles as high as possible. Lower heels by bending ankles until calves are stretched. Repeat.
EX575,Calf Extension,2,Beginner,Lever (selectorized),Calves,"Gastrocnemius, Soleus",Isolated,Push,Sit on seat and position forefeet on horizontal foot bar. Grasp handles to sides and straighten knees.,Push lever by extending ankles as far as possible. Return by bending ankles until calves are stretched. Repeat.
EX576,Donkey Calf Raise,3,Intermediate,Lever (selectorized),Calves,"Gastrocnemius, Soleus",Isolated,Push,Position lower back and hips under padded lever. Place forearms on supports. Position toes and balls of feet on calf block with arches and heels extending off. Straighten knees.,Raise heels by extending ankles as high as possible. Lower heels by bending ankles until calves are stretched. Repeat.
EX577,Seated Calf Press,2,Beginner,Lever (selectorized),Calves,"Gastrocnemius, Soleus",Isolated,Push,Place seat away from platform. Sit on seat with lower back against back of seat. Place toes and balls of feet on lower portion of platform with heels and arches extending off. Grasp handles to sides and straighten knees.,Push lever by extending ankles as far as possible. Return by bending ankles until calves are stretched. Repeat.
EX578,Standing Calf Raise,2,Beginner,Lever (selectorized),Calves,"Gastrocnemius, Soleus",Isolated,Push,Place shoulders under padded lever. Position toes and balls of feet on calf block with arches and heels extending off. Grasp handles or sides of padded lever. Stand erect by extending hips and knees.,Raise heels by extending ankles as high as possible. Lower heels by bending ankles until calves are stretched. Repeat.
EX579,45° Calf Press,3,Intermediate,Sled,Calves,"Gastrocnemius, Soleus",Isolated,Push,Sit on seat with back on padded support. Place feet on platform. Grasp handles to sides and extend hips and knees. Place toes and balls of feet on lower portion of platform with heels and arches extending off.,Push sled by extending ankles as far as possible. Return by bending ankles until calves are stretched. Repeat.
EX580,45° Calf Raise,3,Intermediate,Sled,Calves,"Gastrocnemius, Soleus",Isolated,Push,Sit on machine with lower back against padding and grasp handles to sides. Position toes and balls of feet on foot platform with arches and heels extending off. Straighten knees.,Raise heels by extending ankles as high as possible. Lower heels by bending ankles until calves are stretched. Repeat.
EX581,Donkey Calf Raise,3,Intermediate,Sled,Calves,"Gastrocnemius, Soleus",Isolated,Push,Position lower back and hips under upper pad. Place forearms on supports. Position toes and balls of feet on calf block with arches and heels extending off. Straighten knees.,Raise heels by extending ankles as high as possible. Lower heels by bending ankles until calves are stretched. Repeat.
EX582,Lying Calf Press,2,Beginner,Sled,Calves,"Gastrocnemius, Soleus",Isolated,Push,Position sled away from platform. Lie supine on sled with shoulders against pad and place feet on platform. Grasp handles to sides and straighten knees. Place toes and balls of feet on lower portion of platform with heels and arches extending off.,Push sled away from platform by extending ankles as far as possible. Return by bending ankles until calves are stretched. Repeat.
EX583,Seated Calf Press,2,Beginner,Sled,Calves,"Gastrocnemius, Soleus",Isolated,Push,Place seat away from platform. Sit on seat and place feet on platform. Grasp handles to sides and extend hips and knees. Place toes and balls of feet on lower portion of platform with heels and arches extending off.,Push sled by extending ankles as far as possible. Return by bending ankles until calves are stretched. Repeat.
EX584,Standing Calf Raise,2,Beginner,Sled,Calves,"Gastrocnemius, Soleus",Isolated,Push,Place shoulders under padded bars. Position toes and balls of feet on calf block with arches and heels extending off. Grasp handles or sides of padded bars. Stand erect by extending hips and knees.,Raise heels by extending ankles as high as possible. Lower heels by bending ankles until calves are stretched. Repeat.
EX585,Donkey Calf Raise,3,Intermediate,Smith,Calves,"Gastrocnemius, Soleus",Isolated,Push,Engage both safety stops mid height so bar will be just above in lowest range of motion. Place calf block under bar. Position padded surface of tall bench orRoman Chairin front of smith machine for arm rest. Place stiffly padded board within arms reach. Step on calf block while standing between smith bar and arm rest. Situate padded board on back of hips while bending under smith bar. Arrange smith bar above upper hips or lower waist with padded board in between. Place forearms on supports. Lift bar off of safety stops by straighten knees. Position toes and balls of feet on calf block with arches and heels extending off.,Raise heels by extending ankles as high as possible. Lower heels by bending ankles until calves are stretched. Repeat.
EX586,Standing Calf Raise,2,Beginner,Smith,Calves,"Gastrocnemius, Soleus",Isolated,Push,Position bar on upper chest height and place calf block under bar. Position back of shoulders under bar and grasp bar to sides. Position toes and balls of feet on calf block with arches and heels extending off. Disengage bar by rotating bar back. Stand erect by extending knees and hips.,Raise heels by extending ankles as high as possible. Lower heels by bending ankles until calves are stretched. Repeat.
EX587,Single Leg Calf Raise,3,Intermediate,Weighted,Calves,"Gastrocnemius, Soleus",Isolated,Push,Hang weight from dip belt around waist. Position toes and ball of foot on calf block end of platform with heel and arch extending off. Place hand or hands on support for balance. Lift other leg to rear by bending knee.,Raise heel by extending ankle as high as possible. Lower heel by bending ankle until calf is stretched. Repeat. Continue with opposite leg.
EX588,Standing Calf Raise,2,Beginner,Body Weight,Calves,"Gastrocnemius, Soleus",Isolated,Push,Position toes and balls of feet on calf block with arches and heels extending off. Place hand on support for balance.,Raise heels by extending ankles as high as possible. Lower heels by bending ankles until calves are stretched. Repeat.
EX589,Standing Calf Raise: Single Leg,3,Intermediate,Body Weight,Calves,"Gastrocnemius, Soleus",Isolated,Push,Position toes and balls of feet on calf block or elevation with heels and arches extending off. Place hand or hands on support for balance. Lift one leg to rear by bending knee.,Raise heel by extending ankle as high as possible. Lower heel by bending ankle until calf is stretched. Repeat. Continue with opposite leg.
EX590,Single Leg Calf Raise,3,Intermediate,Self-assisted,Calves,"Gastrocnemius, Soleus",Isolated,Push,Position toes and balls of feet on calf block with heels and arches extending off. Place hands on support for assistance. Lift one leg to rear by bending knee.,"Raise heel by extending ankle as high as possible, assisting with upper body as little as possible. Lower heel by bending ankle until calf is stretched. Repeat. Continue with opposite leg."
EX591,Forward Angled Single Leg Calf Raise,3,Intermediate,Suspension Straps,Calves,"Gastrocnemius, Soleus",Isolated,Push,Position toes and balls of feet on calf block with heels and arches extending off. Place hands on support for assistance. Lift one leg to rear by bending knee.,"Raise heel by extending ankle as high as possible, assisting with upper body as little as possible. Lower heel by bending ankle until calf is stretched. Repeat. Continue with opposite leg."
EX592,Safety Barbell Seated Calf Raise,2,Beginner,Barbell,Calves,"Soleus, Gastrocnemius",Isolated,Push,Place safety bar on rack approximately lower leg height with calf block slightly rear of safety bar. Sit on bench facing safety bar and place toes on lower portion of platform with heels extending off. Scoot forward to edge of bench and position lower thighs under safety bar. Grasp bar to sides and lift bar from rack by pushing heels up. Slide back to center of bench.,Lower heels by bending ankles until calves are stretched. Raise heels by extending ankles as high as possible. Repeat.
EX593,Seated Calf Raise,2,Beginner,Lever (plate loaded),Calves,"Soleus, Gastrocnemius",Isolated,Push,Sit on seat facing lever. Place forefeet on platform with heels extending off. Position lower thighs under lever pads. Grasp handles if available or place hands on lever pad. Lift lever slightly by pushing heels up. Release support lever.,Lower heels by bending ankles until calves are stretched. Raise heels by extending ankles as high as possible. Repeat.
EX594,Seated Calf Raise,2,Beginner,Lever (selectorized),Calves,"Soleus, Gastrocnemius",Isolated,Push,Sit on seat facing lever. Reach forward and pull hand lever toward body. Place forefeet on platform with heels extending off. Position lower thighs under lever pads. Release hand lever by pushing away from body. Place hands on top of thigh pads.,Raise heels by extending ankles as high as possible. Lower heels by bending ankles until calves are stretched. Repeat.
EX595,Seated Calf Raise,2,Beginner,Smith,Calves,"Soleus, Gastrocnemius",Isolated,Push,Position bar slightly higher than lower leg height. Wrap bar pad around center of bar. Place calf block under bar and bench near bar. Sit on bench facing bar and place toes on lower portion of platform with heels extending off. Grasp bar to sides and extend ankles to raise knees so lower thighs are under padded bar. Push heels further up. Disengage bar by rotating bar back.,Lower heels by bending ankles until calves are stretched. Raise heels by extending ankles as high as possible. Repeat.
EX596,Safety Bar Reverse Calf Raise,3,Intermediate,Barbell,Calves,Tibialis Anterior,Isolated,Pull,"Standing facing safety barbell on rack upper chest height and calf block on floor just below. Position heels on forward edge of calf block. Place hands on bar to each sides or on vertical rack bars. Position head in yoke with padded bar around shoulders. Dismount bar from rack by standing erect with safety bar, away yet close to rack.",Pull forefeet up toward body as far as possible. Return by extending feet until toes are pointed downward. Repeat.
EX597,Reverse Calf Raise,2,Beginner,Cable,Calves,Tibialis Anterior,Isolated,Pull,Place cable belt or dip belt around waist. Kneel before low pulley and attach it to cable. Stand and position heels on forward edge of platform. Grasp support bar for balance.,Pull forefeet up toward body as far as possible. Return by extending feet until toes are pointed downward. Repeat.
EX598,Reverse Calf Raise: Single Leg,3,Intermediate,Cable,Calves,Tibialis Anterior,Isolated,Pull,Place cable belt or dip belt around waist. Kneel before low pulley and attach it to cable. Stand and position heel on forward edge of platform. Raise other leg off block. Grasp support bar for balance.,Pull forefoot up toward body as far as possible. Return by extending feet until toes are pointed downward. Repeat.
EX599,Reverse Calf Raise,2,Beginner,Dumbbell,Calves,Tibialis Anterior,Isolated,Pull,Grasp dumbbell in one hand to side. Position heels on forward edge of platform. Grasp support with other hand for balance.,Pull forefoot of both feet up toward body as far as possible. Return by extending feet until toes are pointed downward. Repeat.
EX600,Reverse Calf Raise: Single Leg,3,Intermediate,Dumbbell,Calves,Tibialis Anterior,Isolated,Pull,Grasp dumbbell in one hand to side. Position one heel on forward edge of platform. Grasp support with other hand for balance. Lift other leg to rear by bending knee.,Pull forefoot up toward body as far as possible. Return by extending foot until toes are pointed downward. Repeat. Continue with opposite leg.
EX601,45° Reverse Calf Press,3,Intermediate,Lever (plate loaded),Calves,Tibialis Anterior,Isolated,Pull,"Sit on seat with back on padded support. Place feet very high on platform, grasp handles to sides, and extend knees.",Pull forefoot back toward body as far as possible while pushing platform with heels. Return feet down to platform and repeat.
EX602,45° Reverse Calf Raise,3,Intermediate,Lever (plate loaded),Calves,Tibialis Anterior,Isolated,Pull,Sit on machine with lower back against padding. Grasp handles to sides and place feet on top portion of platform. Straighten knees and position heels on top edge of platform.,Pull forefoot of both feet up and back toward body as far as possible. Return by extending feet return to platform. Repeat.
EX603,Reverse Calf Raise,2,Beginner,Lever (plate loaded),Calves,Tibialis Anterior,Isolated,Pull,Place shoulders under padded lever. Stand erect by extending hips and knees. Position heels on forward edge of platform placed under padded lever. Grasp handles or sides of padded lever.,Pull forefoot of both feet up toward body as far as possible. Return by extending feet until toes are pointed downward. Repeat.
EX604,Reverse Calf Extension,2,Beginner,Lever (plate loaded),Calves,Tibialis Anterior,Isolated,Pull,Sit on seat and position heels on lever platform with fore feet extended off top. Grasp handles to sides and straighten knees.,Pull forefoot back toward body as far as possible while pushing platform with heels. Return feet down to platform and repeat.
EX605,Reverse Calf Extension,2,Beginner,Lever (selectorized),Calves,Tibialis Anterior,Isolated,Pull,Sit on seat and position heels on lever platform with fore feet extended off top. Grasp handles to sides and straighten knees.,Pull forefoot back toward body as far as possible while pushing platform with heels. Return feet down to platform and repeat.
EX606,Reverse Calf Raise,2,Beginner,Lever (selectorized),Calves,Tibialis Anterior,Isolated,Pull,Place shoulders under padded lever. Stand erect by extending hips and knees. Position heels on forward edge of platform placed under padded lever. Grasp handles or sides of padded lever.,Pull forefoot of both feet up toward body as far as possible. Return by extending feet until toes are pointed downward. Repeat.
EX607,45° Reverse Calf Press,3,Intermediate,Sled,Calves,Tibialis Anterior,Isolated,Pull,"Sit on seat with back on padded support. Place feet very high on platform, grasp handles to sides, and extend knees.",Pull forefoot back toward body as far as possible while pushing platform with heels. Return feet down to platform and repeat.
EX608,45° Reverse Calf Raise (plate loaded),3,Intermediate,Sled,Calves,Tibialis Anterior,Isolated,Pull,Sit on machine with lower back against padding. Grasp handles to sides and place feet on platform. Straighten knees and position heels on top edge of platform.,Pull forefoot of both feet up and back toward body as far as possible. Return by extending feet until toes are pointed away from body. Repeat.
EX609,45° Reverse Calf Raise (on hack press),3,Intermediate,Sled,Calves,Tibialis Anterior,Isolated,Pull,Sit on machine with lower back against padding. Grasp handles to sides and place feet on top portion of platform. Straighten knees and position heels on top edge of platform.,Pull forefoot of both feet up and back toward body as far as possible. Return by extending feet return to platform. Repeat.
EX610,Hack Reverse Calf Raise,3,Intermediate,Sled,Calves,Tibialis Anterior,Isolated,Pull,Lie supine on back pad with shoulders against pads. Place feet very high on platform. Extend hips and knees. Release dock levers.,Pull forefoot of both feet up toward body as far as possible. Return by extending feet until toes are pointed away from body. Repeat.
EX611,Lying Reverse Calf Press,2,Beginner,Sled,Calves,Tibialis Anterior,Isolated,Pull,Position sled away from platform. Lie supine on sled with shoulders against pad and place feet very high on platform. Grasp handles to sides and straighten knees.,Pull forefoot back toward body as far as possible while pushing platform with heels. Return feet down to platform and repeat.
EX612,Seated Reverse Calf Press,2,Beginner,Sled,Calves,Tibialis Anterior,Isolated,Pull,Sit on seat and place feet very high on platform. Grasp handles to sides and extend knees.,Pull forefoot back toward body as far as possible while pushing platform with heels. Return feet down to platform and repeat.
EX613,Reverse Calf Raise,2,Beginner,Smith,Calves,Tibialis Anterior,Isolated,Pull,Position bar upper chest height and place calf block under bar. Position back of shoulders under bar and grasp bar to sides. Position heels on forward edge of calf block. Disengage bar by rotating bar back. Stand erect with knees and hips straight.,Pull forefoot of both feet up toward body as far as possible. Return by extending feet until toes are pointed downward. Repeat.
EX614,Reverse Calf Raise,2,Beginner,Body Weight,Calves,Tibialis Anterior,Isolated,Pull,Position heels on forward edge of calf block or platform. Grasp support with other hand for balance.,Pull forefoot of both feet up toward body as far as possible. Return by extending feet until toes are pointed downward. Repeat.
EX615,Reverse Calf Raise: Single Leg,3,Intermediate,Body Weight,Calves,Tibialis Anterior,Isolated,Pull,Position one heel on forward edge of platform. Grasp support with other hand for balance. Lift other leg to rear by bending knee.,Pull forefoot up toward body as far as possible. Return by extending foot until toes are pointed downward. Repeat. Continue with opposite leg.
